{
  "type": "FeatureCollection",
  "features": [
    {
      "type": "Feature",
      "geometry": {
        "type": "Point",
        "coordinates": [
          29.3193714,
          40.9080972
        ]
      },
      "properties": {
        "id": 5673750415,
        "type": "node",
        "aeroway": "gate",
        "ref": "208B",
        "name": "",
        "surface": "",
        "width": "",
        "length": "",
        "tags": {
          "aeroway": "gate",
          "ref": "208B"
        }
      }
    },
    {
      "type": "Feature",
      "geometry": {
        "type": "Point",
        "coordinates": [
          29.318499,
          40.9077766
        ]
      },
      "properties": {
        "id": 5673750417,
        "type": "node",
        "aeroway": "gate",
        "ref": "207B",
        "name": "",
        "surface": "",
        "width": "",
        "length": "",
        "tags": {
          "aeroway": "gate",
          "ref": "207B"
        }
      }
    },
    {
      "type": "Feature",
      "geometry": {
        "type": "Point",
        "coordinates": [
          29.3175947,
          40.907433
        ]
      },
      "properties": {
        "id": 5673754226,
        "type": "node",
        "aeroway": "gate",
        "ref": "206B",
        "name": "",
        "surface": "",
        "width": "",
        "length": "",
        "tags": {
          "aeroway": "gate",
          "ref": "206B"
        }
      }
    },
    {
      "type": "Feature",
      "geometry": {
        "type": "Point",
        "coordinates": [
          29.3166969,
          40.9071082
        ]
      },
      "properties": {
        "id": 5676138696,
        "type": "node",
        "aeroway": "gate",
        "ref": "205B",
        "name": "",
        "surface": "",
        "width": "",
        "length": "",
        "tags": {
          "aeroway": "gate",
          "ref": "205B"
        }
      }
    },
    {
      "type": "Feature",
      "geometry": {
        "type": "Point",
        "coordinates": [
          29.3175733,
          40.9074231
        ]
      },
      "properties": {
        "id": 5676138698,
        "type": "node",
        "aeroway": "gate",
        "ref": "206A",
        "name": "",
        "surface": "",
        "width": "",
        "length": "",
        "tags": {
          "aeroway": "gate",
          "ref": "206A"
        }
      }
    },
    {
      "type": "Feature",
      "geometry": {
        "type": "Point",
        "coordinates": [
          29.3184852,
          40.90777
        ]
      },
      "properties": {
        "id": 5676138699,
        "type": "node",
        "aeroway": "gate",
        "ref": "207A",
        "name": "",
        "surface": "",
        "width": "",
        "length": "",
        "tags": {
          "aeroway": "gate",
          "ref": "207A"
        }
      }
    },
    {
      "type": "Feature",
      "geometry": {
        "type": "Point",
        "coordinates": [
          29.3193553,
          40.908094
        ]
      },
      "properties": {
        "id": 5676138700,
        "type": "node",
        "aeroway": "gate",
        "ref": "208A",
        "name": "",
        "surface": "",
        "width": "",
        "length": "",
        "tags": {
          "aeroway": "gate",
          "ref": "208A"
        }
      }
    },
    {
      "type": "Feature",
      "geometry": {
        "type": "Point",
        "coordinates": [
          29.3156846,
          40.9067321
        ]
      },
      "properties": {
        "id": 5676161224,
        "type": "node",
        "aeroway": "gate",
        "ref": "204A",
        "name": "",
        "surface": "",
        "width": "",
        "length": "",
        "tags": {
          "aeroway": "gate",
          "ref": "204A"
        }
      }
    },
    {
      "type": "Feature",
      "geometry": {
        "type": "Point",
        "coordinates": [
          29.3148325,
          40.9064152
        ]
      },
      "properties": {
        "id": 5676184133,
        "type": "node",
        "aeroway": "gate",
        "ref": "203B",
        "name": "",
        "surface": "",
        "width": "",
        "length": "",
        "tags": {
          "aeroway": "gate",
          "ref": "203B"
        }
      }
    },
    {
      "type": "Feature",
      "geometry": {
        "type": "Point",
        "coordinates": [
          29.3139025,
          40.9060701
        ]
      },
      "properties": {
        "id": 5676184145,
        "type": "node",
        "aeroway": "gate",
        "ref": "202A",
        "name": "",
        "surface": "",
        "width": "",
        "length": "",
        "tags": {
          "aeroway": "gate",
          "ref": "202A"
        }
      }
    },
    {
      "type": "Feature",
      "geometry": {
        "type": "Point",
        "coordinates": [
          29.3129448,
          40.9057144
        ]
      },
      "properties": {
        "id": 5676184150,
        "type": "node",
        "aeroway": "gate",
        "ref": "201A",
        "name": "",
        "surface": "",
        "width": "",
        "length": "",
        "tags": {
          "aeroway": "gate",
          "level": "1",
          "ref": "201A"
        }
      }
    },
    {
      "type": "Feature",
      "geometry": {
        "type": "Point",
        "coordinates": [
          29.3185771,
          40.9084543
        ]
      },
      "properties": {
        "id": 10068122413,
        "type": "node",
        "aeroway": "gate",
        "ref": "210",
        "name": "",
        "surface": "",
        "width": "",
        "length": "",
        "tags": {
          "aeroway": "gate",
          "ref": "210"
        }
      }
    },
    {
      "type": "Feature",
      "geometry": {
        "type": "Point",
        "coordinates": [
          29.3181568,
          40.9091119
        ]
      },
      "properties": {
        "id": 10068133018,
        "type": "node",
        "aeroway": "gate",
        "ref": "212",
        "name": "",
        "surface": "",
        "width": "",
        "length": "",
        "tags": {
          "aeroway": "gate",
          "ref": "212"
        }
      }
    },
    {
      "type": "Feature",
      "geometry": {
        "type": "Point",
        "coordinates": [
          29.3182044,
          40.9090419
        ]
      },
      "properties": {
        "id": 10068133023,
        "type": "node",
        "aeroway": "gate",
        "ref": "211",
        "name": "",
        "surface": "",
        "width": "",
        "length": "",
        "tags": {
          "aeroway": "gate",
          "ref": "211"
        }
      }
    },
    {
      "type": "Feature",
      "geometry": {
        "type": "Point",
        "coordinates": [
          29.3186145,
          40.9083982
        ]
      },
      "properties": {
        "id": 10068133028,
        "type": "node",
        "aeroway": "gate",
        "ref": "209",
        "name": "",
        "surface": "",
        "width": "",
        "length": "",
        "tags": {
          "aeroway": "gate",
          "ref": "209"
        }
      }
    },
    {
      "type": "Feature",
      "geometry": {
        "type": "Point",
        "coordinates": [
          29.3206344,
          40.909161
        ]
      },
      "properties": {
        "id": 10601410049,
        "type": "node",
        "aeroway": "parking_position",
        "ref": "308",
        "name": "",
        "surface": "",
        "width": "",
        "length": "",
        "tags": {
          "aeroway": "parking_position",
          "ref": "308"
        }
      }
    },
    {
      "type": "Feature",
      "geometry": {
        "type": "Point",
        "coordinates": [
          29.3129675,
          40.9057215
        ]
      },
      "properties": {
        "id": 13300389934,
        "type": "node",
        "aeroway": "gate",
        "ref": "201B",
        "name": "",
        "surface": "",
        "width": "",
        "length": "",
        "tags": {
          "aeroway": "gate",
          "ref": "201B"
        }
      }
    },
    {
      "type": "Feature",
      "geometry": {
        "type": "Point",
        "coordinates": [
          29.3139271,
          40.9060753
        ]
      },
      "properties": {
        "id": 13300389935,
        "type": "node",
        "aeroway": "gate",
        "ref": "202B",
        "name": "",
        "surface": "",
        "width": "",
        "length": "",
        "tags": {
          "aeroway": "gate",
          "ref": "202B"
        }
      }
    },
    {
      "type": "Feature",
      "geometry": {
        "type": "Point",
        "coordinates": [
          29.3147976,
          40.9063944
        ]
      },
      "properties": {
        "id": 13300389936,
        "type": "node",
        "aeroway": "gate",
        "ref": "203A",
        "name": "",
        "surface": "",
        "width": "",
        "length": "",
        "tags": {
          "aeroway": "gate",
          "ref": "203A"
        }
      }
    },
    {
      "type": "Feature",
      "geometry": {
        "type": "Point",
        "coordinates": [
          29.3166576,
          40.9070915
        ]
      },
      "properties": {
        "id": 13300389938,
        "type": "node",
        "aeroway": "gate",
        "ref": "205A",
        "name": "",
        "surface": "",
        "width": "",
        "length": "",
        "tags": {
          "aeroway": "gate",
          "ref": "205A"
        }
      }
    },
    {
      "type": "Feature",
      "geometry": {
        "type": "Point",
        "coordinates": [
          29.3157091,
          40.9067363
        ]
      },
      "properties": {
        "id": 13300389939,
        "type": "node",
        "aeroway": "gate",
        "ref": "204B",
        "name": "",
        "surface": "",
        "width": "",
        "length": "",
        "tags": {
          "aeroway": "gate",
          "ref": "204B"
        }
      }
    },
    {
      "type": "Feature",
      "geometry": {
        "type": "LineString",
        "coordinates": [
          [
            29.293205,
            40.8926406
          ],
          [
            29.293361,
            40.8926981
          ],
          [
            29.2946994,
            40.8931903
          ],
          [
            29.3012193,
            40.895588
          ],
          [
            29.3014071,
            40.8956571
          ],
          [
            29.301964,
            40.8958676
          ],
          [
            29.3026972,
            40.896156
          ],
          [
            29.3040588,
            40.8966574
          ],
          [
            29.3044013,
            40.8967789
          ],
          [
            29.3054368,
            40.8971461
          ],
          [
            29.3059069,
            40.8973192
          ],
          [
            29.3063846,
            40.8974952
          ],
          [
            29.3066747,
            40.897602
          ],
          [
            29.3080405,
            40.8981051
          ],
          [
            29.3089694,
            40.8984472
          ],
          [
            29.3099688,
            40.8988153
          ],
          [
            29.3100065,
            40.8988292
          ],
          [
            29.3101838,
            40.8988945
          ],
          [
            29.3107118,
            40.899089
          ],
          [
            29.3109148,
            40.8991638
          ],
          [
            29.3112393,
            40.8992833
          ],
          [
            29.3137768,
            40.9002179
          ],
          [
            29.315811,
            40.9009671
          ],
          [
            29.3185166,
            40.9019636
          ],
          [
            29.3200831,
            40.9025405
          ],
          [
            29.3243497,
            40.9041119
          ],
          [
            29.3248001,
            40.9042777
          ],
          [
            29.3252423,
            40.9044406
          ]
        ]
      },
      "properties": {
        "id": 23004676,
        "type": "way",
        "aeroway": "runway",
        "ref": "06L/24R",
        "name": "",
        "surface": "beton;asfalt",
        "width": "45",
        "length": "3000",
        "tags": {
          "aeroway": "runway",
          "length": "3000",
          "ref": "06L/24R",
          "surface": "beton;asfalt",
          "width": "45"
        }
      }
    },
    {
      "type": "Feature",
      "geometry": {
        "type": "LineString",
        "coordinates": [
          [
            29.2946994,
            40.8931903
          ],
          [
            29.2940971,
            40.8929856
          ],
          [
            29.2939308,
            40.89294
          ],
          [
            29.2937404,
            40.8929227
          ],
          [
            29.2936324,
            40.8929303
          ],
          [
            29.293503,
            40.8929501
          ],
          [
            29.2933991,
            40.8929805
          ],
          [
            29.2932603,
            40.8930353
          ],
          [
            29.2931651,
            40.893087
          ],
          [
            29.2930309,
            40.89318
          ],
          [
            29.2929786,
            40.89324
          ],
          [
            29.2929393,
            40.8932906
          ],
          [
            29.2928623,
            40.8934217
          ],
          [
            29.2925634,
            40.8939044
          ]
        ]
      },
      "properties": {
        "id": 23004700,
        "type": "way",
        "aeroway": "taxiway",
        "ref": "J",
        "name": "Sabiha Gökçen Havalimanı",
        "surface": "concrete",
        "width": "",
        "length": "",
        "tags": {
          "aeroway": "taxiway",
          "name": "Sabiha Gökçen Havalimanı",
          "ref": "J",
          "surface": "concrete"
        }
      }
    },
    {
      "type": "Feature",
      "geometry": {
        "type": "LineString",
        "coordinates": [
          [
            29.3137768,
            40.9002179
          ],
          [
            29.3146187,
            40.9005622
          ],
          [
            29.3148909,
            40.9006929
          ],
          [
            29.3150854,
            40.9008024
          ],
          [
            29.31541,
            40.900993
          ],
          [
            29.3156991,
            40.9011952
          ],
          [
            29.3160295,
            40.9014593
          ],
          [
            29.3163702,
            40.9017613
          ],
          [
            29.3169936,
            40.9024279
          ],
          [
            29.3178333,
            40.9033822
          ],
          [
            29.3181793,
            40.9037491
          ],
          [
            29.3184288,
            40.9039528
          ],
          [
            29.3186407,
            40.9040755
          ],
          [
            29.3189034,
            40.9042087
          ]
        ]
      },
      "properties": {
        "id": 23004701,
        "type": "way",
        "aeroway": "taxiway",
        "ref": "F",
        "name": "",
        "surface": "concrete",
        "width": "",
        "length": "",
        "tags": {
          "aeroway": "taxiway",
          "ref": "F",
          "surface": "concrete"
        }
      }
    },
    {
      "type": "Feature",
      "geometry": {
        "type": "LineString",
        "coordinates": [
          [
            29.2975531,
            40.8963537
          ],
          [
            29.2977825,
            40.8963908
          ],
          [
            29.2979917,
            40.8964131
          ],
          [
            29.2981513,
            40.8964288
          ],
          [
            29.29828,
            40.8964364
          ],
          [
            29.2984195,
            40.8964385
          ],
          [
            29.2996442,
            40.8963778
          ],
          [
            29.3001616,
            40.8963463
          ],
          [
            29.300977,
            40.8963057
          ],
          [
            29.3011701,
            40.8962681
          ],
          [
            29.3013136,
            40.8962306
          ],
          [
            29.3014403,
            40.8961871
          ],
          [
            29.3015362,
            40.8961465
          ],
          [
            29.3016288,
            40.8961062
          ],
          [
            29.3017234,
            40.8960565
          ],
          [
            29.3018179,
            40.8959909
          ],
          [
            29.301964,
            40.8958676
          ]
        ]
      },
      "properties": {
        "id": 23004739,
        "type": "way",
        "aeroway": "taxiway",
        "ref": "H",
        "name": "",
        "surface": "",
        "width": "",
        "length": "",
        "tags": {
          "aeroway": "taxiway",
          "ref": "H"
        }
      }
    },
    {
      "type": "Feature",
      "geometry": {
        "type": "Polygon",
        "coordinates": [
          [
            [
              29.3097692,
              40.8972198
            ],
            [
              29.3081902,
              40.8966414
            ],
            [
              29.3034224,
              40.8948873
            ],
            [
              29.3027952,
              40.894687
            ],
            [
              29.3021687,
              40.8944539
            ],
            [
              29.3017293,
              40.8942751
            ],
            [
              29.301221,
              40.8940969
            ],
            [
              29.3005411,
              40.8939081
            ],
            [
              29.3005559,
              40.8938666
            ],
            [
              29.30046,
              40.8938606
            ],
            [
              29.3004003,
              40.8937358
            ],
            [
              29.3002643,
              40.893801
            ],
            [
              29.3001864,
              40.893714
            ],
            [
              29.300118,
              40.8937469
            ],
            [
              29.3000758,
              40.8937079
            ],
            [
              29.3000409,
              40.8937241
            ],
            [
              29.2999323,
              40.8936141
            ],
            [
              29.2998655,
              40.8936519
            ],
            [
              29.2998044,
              40.893587
            ],
            [
              29.2997619,
              40.893606
            ],
            [
              29.2997033,
              40.8935376
            ],
            [
              29.2996319,
              40.8935751
            ],
            [
              29.2995088,
              40.8934406
            ],
            [
              29.2993931,
              40.8934975
            ],
            [
              29.2993615,
              40.8934695
            ],
            [
              29.2998224,
              40.8927406
            ],
            [
              29.300131,
              40.8922527
            ],
            [
              29.3002332,
              40.892091
            ],
            [
              29.3019449,
              40.8927305
            ],
            [
              29.3022809,
              40.8922634
            ],
            [
              29.3047682,
              40.8931936
            ],
            [
              29.3045308,
              40.893581
            ],
            [
              29.3046713,
              40.8936332
            ],
            [
              29.307654,
              40.8947171
            ],
            [
              29.3075784,
              40.8948377
            ],
            [
              29.3086425,
              40.8952201
            ],
            [
              29.3104799,
              40.895907
            ],
            [
              29.3105983,
              40.8959526
            ],
            [
              29.3097692,
              40.8972198
            ]
          ]
        ]
      },
      "properties": {
        "id": 23004757,
        "type": "way",
        "aeroway": "apron",
        "ref": "5",
        "name": "",
        "surface": "concrete",
        "width": "",
        "length": "",
        "tags": {
          "aeroway": "apron",
          "ele": "95",
          "ref": "5",
          "surface": "concrete"
        }
      }
    },
    {
      "type": "Feature",
      "geometry": {
        "type": "LineString",
        "coordinates": [
          [
            29.3194966,
            40.9044288
          ],
          [
            29.319731,
            40.9045336
          ],
          [
            29.3198128,
            40.9045914
          ],
          [
            29.3198641,
            40.9046425
          ],
          [
            29.3199268,
            40.9047537
          ],
          [
            29.3199427,
            40.9048637
          ],
          [
            29.3199362,
            40.904937
          ],
          [
            29.3199088,
            40.9050118
          ],
          [
            29.3197139,
            40.9053146
          ],
          [
            29.3193576,
            40.905868
          ],
          [
            29.3193174,
            40.9059273
          ],
          [
            29.3192957,
            40.9060297
          ],
          [
            29.3192992,
            40.9060956
          ],
          [
            29.3193099,
            40.9061493
          ],
          [
            29.3193425,
            40.9062433
          ],
          [
            29.3193897,
            40.9063011
          ],
          [
            29.3194044,
            40.9063176
          ],
          [
            29.3194358,
            40.9063461
          ]
        ]
      },
      "properties": {
        "id": 73590758,
        "type": "way",
        "aeroway": "taxiway",
        "ref": "S",
        "name": "",
        "surface": "",
        "width": "",
        "length": "",
        "tags": {
          "aeroway": "taxiway",
          "ref": "S"
        }
      }
    },
    {
      "type": "Feature",
      "geometry": {
        "type": "LineString",
        "coordinates": [
          [
            29.3066797,
            40.8975949
          ],
          [
            29.3070075,
            40.8970709
          ],
          [
            29.3071344,
            40.896868
          ],
          [
            29.3075094,
            40.8962689
          ]
        ]
      },
      "properties": {
        "id": 73590760,
        "type": "way",
        "aeroway": "taxiway",
        "ref": "L",
        "name": "",
        "surface": "concrete",
        "width": "",
        "length": "",
        "tags": {
          "aeroway": "taxiway",
          "ref": "L",
          "surface": "concrete"
        }
      }
    },
    {
      "type": "Feature",
      "geometry": {
        "type": "LineString",
        "coordinates": [
          [
            29.301964,
            40.8958676
          ],
          [
            29.3020445,
            40.8957866
          ],
          [
            29.3021035,
            40.8957096
          ],
          [
            29.3023271,
            40.8953734
          ],
          [
            29.3024688,
            40.895143
          ],
          [
            29.302699,
            40.894783
          ],
          [
            29.3027412,
            40.8947354
          ],
          [
            29.3027952,
            40.894687
          ],
          [
            29.3028344,
            40.8946654
          ],
          [
            29.3028626,
            40.8946492
          ],
          [
            29.3029162,
            40.894633
          ],
          [
            29.3029712,
            40.8946238
          ],
          [
            29.3030235,
            40.8946213
          ],
          [
            29.3030678,
            40.8946217
          ],
          [
            29.3031207,
            40.8946117
          ],
          [
            29.3031658,
            40.8945904
          ]
        ]
      },
      "properties": {
        "id": 73590768,
        "type": "way",
        "aeroway": "taxiway",
        "ref": "K",
        "name": "",
        "surface": "concrete",
        "width": "",
        "length": "",
        "tags": {
          "aeroway": "taxiway",
          "ref": "K",
          "surface": "concrete"
        }
      }
    },
    {
      "type": "Feature",
      "geometry": {
        "type": "LineString",
        "coordinates": [
          [
            29.3032828,
            40.8984703
          ],
          [
            29.303214,
            40.8985095
          ],
          [
            29.3030906,
            40.8985906
          ],
          [
            29.3030101,
            40.8986595
          ],
          [
            29.3029454,
            40.8987262
          ],
          [
            29.3027578,
            40.8990123
          ]
        ]
      },
      "properties": {
        "id": 75842788,
        "type": "way",
        "aeroway": "taxiway",
        "ref": "P",
        "name": "",
        "surface": "",
        "width": "",
        "length": "",
        "tags": {
          "aeroway": "taxiway",
          "ref": "P"
        }
      }
    },
    {
      "type": "Feature",
      "geometry": {
        "type": "LineString",
        "coordinates": [
          [
            29.299606,
            40.8975149
          ],
          [
            29.2994154,
            40.8977811
          ]
        ]
      },
      "properties": {
        "id": 75842793,
        "type": "way",
        "aeroway": "taxiway",
        "ref": "N",
        "name": "Sabiha Gökçen Havalimanı",
        "surface": "",
        "width": "",
        "length": "",
        "tags": {
          "aeroway": "taxiway",
          "name": "Sabiha Gökçen Havalimanı",
          "ref": "N"
        }
      }
    },
    {
      "type": "Feature",
      "geometry": {
        "type": "LineString",
        "coordinates": [
          [
            29.314246,
            40.9044357
          ],
          [
            29.3147982,
            40.9035015
          ],
          [
            29.3149945,
            40.9031693
          ],
          [
            29.315015,
            40.9030709
          ],
          [
            29.3150116,
            40.9030031
          ],
          [
            29.3149969,
            40.9029453
          ],
          [
            29.3149761,
            40.902886
          ],
          [
            29.3149459,
            40.9028378
          ],
          [
            29.3148896,
            40.9027709
          ],
          [
            29.3148175,
            40.9027053
          ]
        ]
      },
      "properties": {
        "id": 224189530,
        "type": "way",
        "aeroway": "taxiway",
        "ref": "R",
        "name": "",
        "surface": "concrete",
        "width": "",
        "length": "",
        "tags": {
          "aeroway": "taxiway",
          "ref": "R",
          "surface": "concrete"
        }
      }
    },
    {
      "type": "Feature",
      "geometry": {
        "type": "LineString",
        "coordinates": [
          [
            29.3193174,
            40.9059273
          ],
          [
            29.3192764,
            40.90598
          ],
          [
            29.3191959,
            40.9060644
          ],
          [
            29.3191034,
            40.9061371
          ],
          [
            29.3190403,
            40.9061645
          ],
          [
            29.3190093,
            40.906181
          ]
        ]
      },
      "properties": {
        "id": 224189533,
        "type": "way",
        "aeroway": "taxiway",
        "ref": "",
        "name": "",
        "surface": "",
        "width": "",
        "length": "",
        "tags": {
          "aeroway": "taxiway"
        }
      }
    },
    {
      "type": "Feature",
      "geometry": {
        "type": "LineString",
        "coordinates": [
          [
            29.3075094,
            40.8962689
          ],
          [
            29.307056,
            40.8961002
          ],
          [
            29.3064045,
            40.8958579
          ],
          [
            29.3057676,
            40.895621
          ],
          [
            29.3051224,
            40.8953809
          ],
          [
            29.3044732,
            40.8951394
          ],
          [
            29.303839,
            40.8949078
          ],
          [
            29.3030678,
            40.8946217
          ],
          [
            29.3028571,
            40.894546
          ],
          [
            29.3026322,
            40.8944652
          ],
          [
            29.302365,
            40.8943692
          ],
          [
            29.3016914,
            40.8941162
          ],
          [
            29.3012691,
            40.893898
          ],
          [
            29.3007101,
            40.8936091
          ],
          [
            29.2997363,
            40.8932379
          ]
        ]
      },
      "properties": {
        "id": 393831878,
        "type": "way",
        "aeroway": "taxiway",
        "ref": "C",
        "name": "",
        "surface": "concrete",
        "width": "",
        "length": "",
        "tags": {
          "aeroway": "taxiway",
          "ref": "C",
          "surface": "concrete"
        }
      }
    },
    {
      "type": "Feature",
      "geometry": {
        "type": "LineString",
        "coordinates": [
          [
            29.3211827,
            40.9069773
          ],
          [
            29.3212903,
            40.9070425
          ],
          [
            29.3213323,
            40.907106
          ],
          [
            29.3213479,
            40.9071806
          ],
          [
            29.3213185,
            40.9072561
          ],
          [
            29.3206784,
            40.9082463
          ],
          [
            29.320657,
            40.9082842
          ],
          [
            29.3206025,
            40.9083203
          ],
          [
            29.3205061,
            40.9083557
          ],
          [
            29.3200564,
            40.9084753
          ],
          [
            29.3199991,
            40.9085078
          ],
          [
            29.3199448,
            40.9085938
          ],
          [
            29.3198794,
            40.9087024
          ],
          [
            29.3197865,
            40.9088481
          ],
          [
            29.3195794,
            40.9091728
          ],
          [
            29.3193698,
            40.9095014
          ],
          [
            29.3191596,
            40.9098309
          ],
          [
            29.318827,
            40.9103524
          ]
        ]
      },
      "properties": {
        "id": 431313030,
        "type": "way",
        "aeroway": "taxiway",
        "ref": "",
        "name": "",
        "surface": "concrete",
        "width": "",
        "length": "",
        "tags": {
          "aeroway": "taxiway",
          "surface": "concrete"
        }
      }
    },
    {
      "type": "Feature",
      "geometry": {
        "type": "LineString",
        "coordinates": [
          [
            29.3250436,
            40.9084148
          ],
          [
            29.3248753,
            40.9083468
          ],
          [
            29.3246127,
            40.908252
          ],
          [
            29.3244784,
            40.9082013
          ],
          [
            29.3244268,
            40.9081818
          ],
          [
            29.3239977,
            40.9080197
          ],
          [
            29.3239227,
            40.9079913
          ],
          [
            29.3238956,
            40.907981
          ],
          [
            29.3235466,
            40.9078492
          ],
          [
            29.3233741,
            40.907784
          ],
          [
            29.32311,
            40.9076842
          ],
          [
            29.3230527,
            40.9076634
          ],
          [
            29.3226526,
            40.9075184
          ],
          [
            29.322599,
            40.907499
          ],
          [
            29.3225475,
            40.9074803
          ],
          [
            29.3221925,
            40.9073473
          ],
          [
            29.3217672,
            40.9071914
          ],
          [
            29.3217127,
            40.9071715
          ],
          [
            29.3216392,
            40.9071446
          ],
          [
            29.3212924,
            40.9070175
          ],
          [
            29.3211827,
            40.9069773
          ],
          [
            29.3208825,
            40.9068673
          ],
          [
            29.3208307,
            40.9068483
          ],
          [
            29.3208112,
            40.9068412
          ],
          [
            29.3206969,
            40.9067993
          ],
          [
            29.3206611,
            40.9067862
          ],
          [
            29.3205169,
            40.9067334
          ],
          [
            29.3204509,
            40.9067092
          ],
          [
            29.3203606,
            40.9066761
          ],
          [
            29.3200622,
            40.9065668
          ],
          [
            29.3199746,
            40.9065347
          ],
          [
            29.3199193,
            40.9065144
          ],
          [
            29.3198905,
            40.9065038
          ],
          [
            29.3197582,
            40.9064619
          ],
          [
            29.3195491,
            40.9063956
          ],
          [
            29.3194358,
            40.9063461
          ],
          [
            29.3190825,
            40.9062078
          ],
          [
            29.3190093,
            40.906181
          ],
          [
            29.3188724,
            40.9061308
          ],
          [
            29.3183506,
            40.9059396
          ],
          [
            29.3181862,
            40.9058794
          ],
          [
            29.3180961,
            40.9058464
          ],
          [
            29.3179484,
            40.9057922
          ],
          [
            29.3178866,
            40.9057696
          ],
          [
            29.3177467,
            40.9057183
          ],
          [
            29.3175548,
            40.905648
          ],
          [
            29.3172992,
            40.9055544
          ],
          [
            29.3171914,
            40.9055149
          ],
          [
            29.3171184,
            40.9054882
          ],
          [
            29.3169955,
            40.9054431
          ],
          [
            29.3168451,
            40.905388
          ],
          [
            29.3167494,
            40.9053529
          ],
          [
            29.3163748,
            40.9052157
          ],
          [
            29.3162951,
            40.9051865
          ],
          [
            29.3162143,
            40.9051569
          ],
          [
            29.3160806,
            40.9051079
          ],
          [
            29.3159085,
            40.9050448
          ],
          [
            29.3158581,
            40.9050264
          ],
          [
            29.3154444,
            40.9048748
          ],
          [
            29.3154098,
            40.9048621
          ],
          [
            29.3153271,
            40.9048318
          ],
          [
            29.3151951,
            40.9047834
          ],
          [
            29.3149787,
            40.9047041
          ],
          [
            29.3149591,
            40.904697
          ],
          [
            29.314435,
            40.9045049
          ],
          [
            29.3143423,
            40.904471
          ],
          [
            29.314246,
            40.9044357
          ],
          [
            29.314225,
            40.904428
          ],
          [
            29.3140007,
            40.9043458
          ],
          [
            29.3136561,
            40.9042195
          ],
          [
            29.313259,
            40.904074
          ],
          [
            29.3130602,
            40.9040012
          ],
          [
            29.3128907,
            40.9039391
          ],
          [
            29.3127883,
            40.9039016
          ],
          [
            29.3123244,
            40.9037316
          ],
          [
            29.3118605,
            40.9035616
          ],
          [
            29.3114014,
            40.9033934
          ],
          [
            29.310875,
            40.9032005
          ],
          [
            29.3104094,
            40.9030299
          ],
          [
            29.3099433,
            40.9028591
          ],
          [
            29.3094814,
            40.9026899
          ],
          [
            29.3090168,
            40.9025196
          ],
          [
            29.3089084,
            40.9024799
          ]
        ]
      },
      "properties": {
        "id": 431313031,
        "type": "way",
        "aeroway": "taxiway",
        "ref": "",
        "name": "",
        "surface": "concrete",
        "width": "",
        "length": "",
        "tags": {
          "aeroway": "taxiway",
          "surface": "concrete"
        }
      }
    },
    {
      "type": "Feature",
      "geometry": {
        "type": "LineString",
        "coordinates": [
          [
            29.3089084,
            40.9024799
          ],
          [
            29.3088631,
            40.9024528
          ],
          [
            29.3088277,
            40.9024242
          ],
          [
            29.3087963,
            40.9023878
          ],
          [
            29.308767,
            40.9023391
          ],
          [
            29.3087534,
            40.9023069
          ],
          [
            29.3087445,
            40.9022711
          ],
          [
            29.308743,
            40.902233
          ],
          [
            29.3087486,
            40.9021948
          ],
          [
            29.3087582,
            40.9021559
          ],
          [
            29.3087771,
            40.902117
          ],
          [
            29.3092032,
            40.9014379
          ],
          [
            29.3092659,
            40.901338
          ],
          [
            29.309298,
            40.9012869
          ],
          [
            29.3094093,
            40.9011094
          ],
          [
            29.3096112,
            40.9007877
          ]
        ]
      },
      "properties": {
        "id": 431317707,
        "type": "way",
        "aeroway": "taxiway",
        "ref": "Q",
        "name": "",
        "surface": "concrete",
        "width": "",
        "length": "",
        "tags": {
          "aeroway": "taxiway",
          "ref": "Q",
          "surface": "concrete"
        }
      }
    },
    {
      "type": "Feature",
      "geometry": {
        "type": "LineString",
        "coordinates": [
          [
            29.3096112,
            40.9007877
          ],
          [
            29.3099266,
            40.9002861
          ],
          [
            29.3102021,
            40.8998479
          ],
          [
            29.3103669,
            40.8995963
          ],
          [
            29.3107118,
            40.899089
          ]
        ]
      },
      "properties": {
        "id": 431317709,
        "type": "way",
        "aeroway": "taxiway",
        "ref": "G",
        "name": "",
        "surface": "concrete",
        "width": "",
        "length": "",
        "tags": {
          "aeroway": "taxiway",
          "ref": "G",
          "surface": "concrete"
        }
      }
    },
    {
      "type": "Feature",
      "geometry": {
        "type": "LineString",
        "coordinates": [
          [
            29.3107118,
            40.899089
          ],
          [
            29.3111753,
            40.8983525
          ],
          [
            29.3114277,
            40.8979458
          ],
          [
            29.3114626,
            40.8978768
          ],
          [
            29.3114509,
            40.8977918
          ],
          [
            29.3113919,
            40.8977127
          ],
          [
            29.3113115,
            40.8976438
          ],
          [
            29.3112051,
            40.897597
          ],
          [
            29.3111203,
            40.8975665
          ]
        ]
      },
      "properties": {
        "id": 431317710,
        "type": "way",
        "aeroway": "taxiway",
        "ref": "M",
        "name": "",
        "surface": "concrete",
        "width": "",
        "length": "",
        "tags": {
          "aeroway": "taxiway",
          "ref": "M",
          "surface": "concrete"
        }
      }
    },
    {
      "type": "Feature",
      "geometry": {
        "type": "LineString",
        "coordinates": [
          [
            29.3094739,
            40.8969749
          ],
          [
            29.3086809,
            40.8966899
          ],
          [
            29.3078998,
            40.8964092
          ],
          [
            29.3075094,
            40.8962689
          ]
        ]
      },
      "properties": {
        "id": 431317712,
        "type": "way",
        "aeroway": "taxiway",
        "ref": "",
        "name": "",
        "surface": "concrete",
        "width": "",
        "length": "",
        "tags": {
          "aeroway": "taxiway",
          "surface": "concrete"
        }
      }
    },
    {
      "type": "Feature",
      "geometry": {
        "type": "LineString",
        "coordinates": [
          [
            29.3233261,
            40.9058313
          ],
          [
            29.3234993,
            40.9058731
          ],
          [
            29.3236715,
            40.9058806
          ],
          [
            29.323857,
            40.9058691
          ],
          [
            29.3239534,
            40.9058377
          ],
          [
            29.3240755,
            40.9057983
          ],
          [
            29.3241603,
            40.9057521
          ],
          [
            29.324215,
            40.9057148
          ],
          [
            29.3243042,
            40.9056435
          ],
          [
            29.3243766,
            40.9055595
          ],
          [
            29.324652,
            40.9051207
          ],
          [
            29.3247367,
            40.904985
          ],
          [
            29.3247863,
            40.9048998
          ],
          [
            29.3248031,
            40.904859
          ],
          [
            29.3248205,
            40.9048032
          ],
          [
            29.3248245,
            40.9046897
          ],
          [
            29.3248057,
            40.9045934
          ],
          [
            29.3247937,
            40.9045367
          ],
          [
            29.3247709,
            40.9044698
          ],
          [
            29.3247105,
            40.9043796
          ],
          [
            29.3246368,
            40.9042944
          ],
          [
            29.3244959,
            40.9041941
          ],
          [
            29.3243497,
            40.9041119
          ]
        ]
      },
      "properties": {
        "id": 431317714,
        "type": "way",
        "aeroway": "taxiway",
        "ref": "E",
        "name": "",
        "surface": "concrete",
        "width": "",
        "length": "",
        "tags": {
          "aeroway": "taxiway",
          "ref": "E",
          "surface": "concrete"
        }
      }
    },
    {
      "type": "Feature",
      "geometry": {
        "type": "LineString",
        "coordinates": [
          [
            29.3233109,
            40.9063
          ],
          [
            29.3231327,
            40.9065755
          ],
          [
            29.3225475,
            40.9074803
          ]
        ]
      },
      "properties": {
        "id": 431317716,
        "type": "way",
        "aeroway": "taxiway",
        "ref": "C",
        "name": "",
        "surface": "",
        "width": "",
        "length": "",
        "tags": {
          "aeroway": "taxiway",
          "ref": "C"
        }
      }
    },
    {
      "type": "Feature",
      "geometry": {
        "type": "LineString",
        "coordinates": [
          [
            29.3101002,
            40.9009728
          ],
          [
            29.3102164,
            40.9010106
          ],
          [
            29.3132236,
            40.9021184
          ],
          [
            29.3148175,
            40.9027053
          ],
          [
            29.3151849,
            40.9028389
          ],
          [
            29.315595,
            40.9029803
          ],
          [
            29.3167848,
            40.9034014
          ],
          [
            29.3189034,
            40.9042087
          ],
          [
            29.3194966,
            40.9044288
          ],
          [
            29.3212853,
            40.9050911
          ],
          [
            29.323116,
            40.905758
          ],
          [
            29.3233261,
            40.9058313
          ]
        ]
      },
      "properties": {
        "id": 431317718,
        "type": "way",
        "aeroway": "taxiway",
        "ref": "D",
        "name": "",
        "surface": "concrete",
        "width": "",
        "length": "",
        "tags": {
          "aeroway": "taxiway",
          "ref": "D",
          "surface": "concrete"
        }
      }
    },
    {
      "type": "Feature",
      "geometry": {
        "type": "Polygon",
        "coordinates": [
          [
            [
              29.3196035,
              40.907978
            ],
            [
              29.3173321,
              40.9071138
            ],
            [
              29.3127722,
              40.9054229
            ],
            [
              29.3123407,
              40.9052445
            ],
            [
              29.3110219,
              40.9047428
            ],
            [
              29.3111695,
              40.904474
            ],
            [
              29.3075463,
              40.903151
            ],
            [
              29.3083424,
              40.9018342
            ],
            [
              29.308666,
              40.9019652
            ],
            [
              29.3090842,
              40.9013218
            ],
            [
              29.3255169,
              40.9073291
            ],
            [
              29.3250794,
              40.908014
            ],
            [
              29.325088,
              40.908034
            ],
            [
              29.3251042,
              40.9080605
            ],
            [
              29.325132,
              40.9080941
            ],
            [
              29.3251826,
              40.9081333
            ],
            [
              29.3253184,
              40.9082416
            ],
            [
              29.325013,
              40.9087284
            ],
            [
              29.3247032,
              40.9087321
            ],
            [
              29.3244046,
              40.9091837
            ],
            [
              29.3243748,
              40.9092291
            ],
            [
              29.3243342,
              40.9092662
            ],
            [
              29.3242901,
              40.909294
            ],
            [
              29.3242468,
              40.9093118
            ],
            [
              29.3241962,
              40.909324
            ],
            [
              29.3234681,
              40.9093809
            ],
            [
              29.3230539,
              40.9092289
            ],
            [
              29.3227968,
              40.9093505
            ],
            [
              29.3214638,
              40.9088528
            ],
            [
              29.3214265,
              40.908617
            ],
            [
              29.321338,
              40.9085843
            ],
            [
              29.3213021,
              40.9085737
            ],
            [
              29.3212631,
              40.9085725
            ],
            [
              29.321222,
              40.9085734
            ],
            [
              29.3211838,
              40.9085876
            ],
            [
              29.3211406,
              40.9086122
            ],
            [
              29.3211099,
              40.9086444
            ],
            [
              29.3210803,
              40.9086815
            ],
            [
              29.321044,
              40.908738
            ],
            [
              29.3202201,
              40.9100182
            ],
            [
              29.3199977,
              40.9103937
            ],
            [
              29.3190361,
              40.9105161
            ],
            [
              29.3189782,
              40.910523
            ],
            [
              29.3188995,
              40.9105229
            ],
            [
              29.3186742,
              40.9105087
            ],
            [
              29.3176827,
              40.9101411
            ],
            [
              29.3175869,
              40.9101336
            ],
            [
              29.3175075,
              40.9101328
            ],
            [
              29.3174407,
              40.9101207
            ],
            [
              29.3173207,
              40.9100875
            ],
            [
              29.3173591,
              40.9100199
            ],
            [
              29.3172506,
              40.9099851
            ],
            [
              29.3172077,
              40.9099598
            ],
            [
              29.3171804,
              40.9099363
            ],
            [
              29.3171621,
              40.9099087
            ],
            [
              29.3171545,
              40.9098812
            ],
            [
              29.3171525,
              40.9098458
            ],
            [
              29.3171607,
              40.9098134
            ],
            [
              29.3171816,
              40.909777
            ],
            [
              29.317226,
              40.9097393
            ],
            [
              29.3172831,
              40.9097131
            ],
            [
              29.3173437,
              40.9096811
            ],
            [
              29.3174329,
              40.9095943
            ],
            [
              29.3184558,
              40.9079985
            ],
            [
              29.3193719,
              40.90834
            ],
            [
              29.3196035,
              40.907978
            ]
          ]
        ]
      },
      "properties": {
        "id": 431317724,
        "type": "way",
        "aeroway": "apron",
        "ref": "1",
        "name": "",
        "surface": "concrete",
        "width": "",
        "length": "",
        "tags": {
          "aeroway": "apron",
          "ele": "94",
          "ref": "1",
          "surface": "concrete"
        }
      }
    },
    {
      "type": "Feature",
      "geometry": {
        "type": "LineString",
        "coordinates": [
          [
            29.3167848,
            40.9034014
          ],
          [
            29.3169531,
            40.9034499
          ],
          [
            29.3170979,
            40.9034432
          ],
          [
            29.3172216,
            40.9034005
          ],
          [
            29.3173316,
            40.9033331
          ],
          [
            29.3174196,
            40.9032305
          ],
          [
            29.3174625,
            40.9031028
          ],
          [
            29.3174565,
            40.9030147
          ],
          [
            29.3173253,
            40.9028146
          ],
          [
            29.3169936,
            40.9024279
          ]
        ]
      },
      "properties": {
        "id": 492399795,
        "type": "way",
        "aeroway": "taxiway",
        "ref": "",
        "name": "",
        "surface": "",
        "width": "",
        "length": "",
        "tags": {
          "aeroway": "taxiway"
        }
      }
    },
    {
      "type": "Feature",
      "geometry": {
        "type": "LineString",
        "coordinates": [
          [
            29.3021829,
            40.898057
          ],
          [
            29.3025139,
            40.8981466
          ],
          [
            29.3027553,
            40.8982155
          ],
          [
            29.3030047,
            40.898254
          ],
          [
            29.30334,
            40.8982844
          ],
          [
            29.3035938,
            40.8982827
          ],
          [
            29.3038301,
            40.8982701
          ],
          [
            29.304697,
            40.8982237
          ],
          [
            29.3054051,
            40.8981858
          ],
          [
            29.3059767,
            40.8981552
          ],
          [
            29.306167,
            40.8981393
          ],
          [
            29.3068027,
            40.8981364
          ],
          [
            29.3072855,
            40.8981466
          ],
          [
            29.3078461,
            40.8982155
          ],
          [
            29.3082632,
            40.8982885
          ],
          [
            29.3086253,
            40.8983686
          ],
          [
            29.3089694,
            40.8984472
          ]
        ]
      },
      "properties": {
        "id": 594726173,
        "type": "way",
        "aeroway": "taxiway",
        "ref": "U",
        "name": "",
        "surface": "concrete",
        "width": "",
        "length": "",
        "tags": {
          "aeroway": "taxiway",
          "ref": "U",
          "surface": "concrete"
        }
      }
    },
    {
      "type": "Feature",
      "geometry": {
        "type": "LineString",
        "coordinates": [
          [
            29.3109148,
            40.8991638
          ],
          [
            29.3111275,
            40.899308
          ],
          [
            29.3112016,
            40.8993468
          ],
          [
            29.3115127,
            40.8995191
          ],
          [
            29.3119516,
            40.8998133
          ],
          [
            29.312367,
            40.900144
          ],
          [
            29.3127132,
            40.9004702
          ],
          [
            29.3131102,
            40.9009004
          ],
          [
            29.313224,
            40.9010323
          ],
          [
            29.3137027,
            40.901587
          ],
          [
            29.3139723,
            40.901885
          ],
          [
            29.3143827,
            40.902333
          ],
          [
            29.3148175,
            40.9027053
          ]
        ]
      },
      "properties": {
        "id": 594741039,
        "type": "way",
        "aeroway": "taxiway",
        "ref": "T",
        "name": "",
        "surface": "concrete",
        "width": "",
        "length": "",
        "tags": {
          "aeroway": "taxiway",
          "ref": "T",
          "surface": "concrete"
        }
      }
    },
    {
      "type": "Feature",
      "geometry": {
        "type": "LineString",
        "coordinates": [
          [
            29.3161576,
            40.9063167
          ],
          [
            29.3167494,
            40.9053529
          ]
        ]
      },
      "properties": {
        "id": 595240835,
        "type": "way",
        "aeroway": "parking_position",
        "ref": "204/A",
        "name": "",
        "surface": "",
        "width": "",
        "length": "",
        "tags": {
          "aeroway": "parking_position",
          "ref": "204/A"
        }
      }
    },
    {
      "type": "Feature",
      "geometry": {
        "type": "LineString",
        "coordinates": [
          [
            29.3183993,
            40.9072513
          ],
          [
            29.3190825,
            40.9062078
          ]
        ]
      },
      "properties": {
        "id": 595240836,
        "type": "way",
        "aeroway": "parking_position",
        "ref": "206/B",
        "name": "",
        "surface": "",
        "width": "",
        "length": "",
        "tags": {
          "aeroway": "parking_position",
          "ref": "206/B"
        }
      }
    },
    {
      "type": "Feature",
      "geometry": {
        "type": "LineString",
        "coordinates": [
          [
            29.3208825,
            40.9068673
          ],
          [
            29.3201773,
            40.9079428
          ]
        ]
      },
      "properties": {
        "id": 595314809,
        "type": "way",
        "aeroway": "parking_position",
        "ref": "208/B",
        "name": "",
        "surface": "",
        "width": "",
        "length": "",
        "tags": {
          "aeroway": "parking_position",
          "ref": "208/B"
        }
      }
    },
    {
      "type": "Feature",
      "geometry": {
        "type": "LineString",
        "coordinates": [
          [
            29.3198673,
            40.9075779
          ],
          [
            29.3204509,
            40.9067092
          ]
        ]
      },
      "properties": {
        "id": 595314810,
        "type": "way",
        "aeroway": "parking_position",
        "ref": "208/A",
        "name": "",
        "surface": "",
        "width": "",
        "length": "",
        "tags": {
          "aeroway": "parking_position",
          "ref": "208/A"
        }
      }
    },
    {
      "type": "Feature",
      "geometry": {
        "type": "LineString",
        "coordinates": [
          [
            29.3199746,
            40.9065347
          ],
          [
            29.319297,
            40.9075634
          ]
        ]
      },
      "properties": {
        "id": 595314811,
        "type": "way",
        "aeroway": "parking_position",
        "ref": "207/B",
        "name": "",
        "surface": "",
        "width": "",
        "length": "",
        "tags": {
          "aeroway": "parking_position",
          "ref": "207/B"
        }
      }
    },
    {
      "type": "Feature",
      "geometry": {
        "type": "LineString",
        "coordinates": [
          [
            29.3190051,
            40.9071998
          ],
          [
            29.3195491,
            40.9063956
          ]
        ]
      },
      "properties": {
        "id": 595314812,
        "type": "way",
        "aeroway": "parking_position",
        "ref": "207/A",
        "name": "",
        "surface": "",
        "width": "",
        "length": "",
        "tags": {
          "aeroway": "parking_position",
          "ref": "207/A"
        }
      }
    },
    {
      "type": "Feature",
      "geometry": {
        "type": "LineString",
        "coordinates": [
          [
            29.3186292,
            40.9060423
          ],
          [
            29.3179344,
            40.9071561
          ]
        ]
      },
      "properties": {
        "id": 595600367,
        "type": "way",
        "aeroway": "parking_position",
        "ref": "206/A",
        "name": "",
        "surface": "",
        "width": "",
        "length": "",
        "tags": {
          "aeroway": "parking_position",
          "ref": "206/A"
        }
      }
    },
    {
      "type": "Feature",
      "geometry": {
        "type": "LineString",
        "coordinates": [
          [
            29.3175069,
            40.9069154
          ],
          [
            29.3181862,
            40.9058794
          ]
        ]
      },
      "properties": {
        "id": 595600368,
        "type": "way",
        "aeroway": "parking_position",
        "ref": "205/B",
        "name": "",
        "surface": "",
        "width": "",
        "length": "",
        "tags": {
          "aeroway": "parking_position",
          "ref": "205/B"
        }
      }
    },
    {
      "type": "Feature",
      "geometry": {
        "type": "LineString",
        "coordinates": [
          [
            29.3172064,
            40.9065566
          ],
          [
            29.3177467,
            40.9057183
          ]
        ]
      },
      "properties": {
        "id": 595602794,
        "type": "way",
        "aeroway": "parking_position",
        "ref": "205/A",
        "name": "",
        "surface": "",
        "width": "",
        "length": "",
        "tags": {
          "aeroway": "parking_position",
          "ref": "205/A"
        }
      }
    },
    {
      "type": "Feature",
      "geometry": {
        "type": "LineString",
        "coordinates": [
          [
            29.3165035,
            40.9065965
          ],
          [
            29.3171914,
            40.9055149
          ]
        ]
      },
      "properties": {
        "id": 595602795,
        "type": "way",
        "aeroway": "parking_position",
        "ref": "204/B",
        "name": "",
        "surface": "",
        "width": "",
        "length": "",
        "tags": {
          "aeroway": "parking_position",
          "ref": "204/B"
        }
      }
    },
    {
      "type": "Feature",
      "geometry": {
        "type": "LineString",
        "coordinates": [
          [
            29.3140007,
            40.9043458
          ],
          [
            29.3133949,
            40.9052792
          ]
        ]
      },
      "properties": {
        "id": 595606233,
        "type": "way",
        "aeroway": "parking_position",
        "ref": "201/A",
        "name": "",
        "surface": "",
        "width": "",
        "length": "",
        "tags": {
          "aeroway": "parking_position",
          "ref": "201/A"
        }
      }
    },
    {
      "type": "Feature",
      "geometry": {
        "type": "LineString",
        "coordinates": [
          [
            29.314435,
            40.9045049
          ],
          [
            29.313706,
            40.9056279
          ]
        ]
      },
      "properties": {
        "id": 595606235,
        "type": "way",
        "aeroway": "parking_position",
        "ref": "201/B",
        "name": "",
        "surface": "",
        "width": "",
        "length": "",
        "tags": {
          "aeroway": "parking_position",
          "ref": "201/B"
        }
      }
    },
    {
      "type": "Feature",
      "geometry": {
        "type": "LineString",
        "coordinates": [
          [
            29.3149591,
            40.904697
          ],
          [
            29.3143712,
            40.9056299
          ]
        ]
      },
      "properties": {
        "id": 595606236,
        "type": "way",
        "aeroway": "parking_position",
        "ref": "202/A",
        "name": "",
        "surface": "",
        "width": "",
        "length": "",
        "tags": {
          "aeroway": "parking_position",
          "ref": "202/A"
        }
      }
    },
    {
      "type": "Feature",
      "geometry": {
        "type": "LineString",
        "coordinates": [
          [
            29.3154098,
            40.9048621
          ],
          [
            29.3146743,
            40.9059847
          ]
        ]
      },
      "properties": {
        "id": 595606237,
        "type": "way",
        "aeroway": "parking_position",
        "ref": "202/B",
        "name": "",
        "surface": "",
        "width": "",
        "length": "",
        "tags": {
          "aeroway": "parking_position",
          "ref": "202/B"
        }
      }
    },
    {
      "type": "Feature",
      "geometry": {
        "type": "LineString",
        "coordinates": [
          [
            29.3158581,
            40.9050264
          ],
          [
            29.3152483,
            40.9059745
          ]
        ]
      },
      "properties": {
        "id": 595606238,
        "type": "way",
        "aeroway": "parking_position",
        "ref": "203/A",
        "name": "",
        "surface": "",
        "width": "",
        "length": "",
        "tags": {
          "aeroway": "parking_position",
          "ref": "203/A"
        }
      }
    },
    {
      "type": "Feature",
      "geometry": {
        "type": "LineString",
        "coordinates": [
          [
            29.3162951,
            40.9051865
          ],
          [
            29.3155728,
            40.906309
          ]
        ]
      },
      "properties": {
        "id": 595606239,
        "type": "way",
        "aeroway": "parking_position",
        "ref": "203/B",
        "name": "",
        "surface": "",
        "width": "",
        "length": "",
        "tags": {
          "aeroway": "parking_position",
          "ref": "203/B"
        }
      }
    },
    {
      "type": "Feature",
      "geometry": {
        "type": "Polygon",
        "coordinates": [
          [
            [
              29.2957574,
              40.8959123
            ],
            [
              29.2945491,
              40.8965865
            ],
            [
              29.2944297,
              40.8966422
            ],
            [
              29.2942768,
              40.8966777
            ],
            [
              29.2936023,
              40.896701
            ],
            [
              29.2935151,
              40.8966929
            ],
            [
              29.2894381,
              40.8951865
            ],
            [
              29.2893657,
              40.8951277
            ],
            [
              29.2893147,
              40.8950466
            ],
            [
              29.2893362,
              40.8949797
            ],
            [
              29.2901999,
              40.8935969
            ],
            [
              29.2902803,
              40.8935462
            ],
            [
              29.2904118,
              40.893528
            ],
            [
              29.2905378,
              40.8935442
            ],
            [
              29.2963904,
              40.8957096
            ],
            [
              29.2961705,
              40.8960624
            ],
            [
              29.2957574,
              40.8959123
            ]
          ]
        ]
      },
      "properties": {
        "id": 1012600080,
        "type": "way",
        "aeroway": "apron",
        "ref": "1",
        "name": "",
        "surface": "concrete",
        "width": "",
        "length": "",
        "tags": {
          "aeroway": "apron",
          "ele": "90",
          "ref": "1",
          "surface": "concrete"
        }
      }
    },
    {
      "type": "Feature",
      "geometry": {
        "type": "LineString",
        "coordinates": [
          [
            29.3005526,
            40.8872833
          ],
          [
            29.3004225,
            40.8875007
          ],
          [
            29.2999417,
            40.8883038
          ],
          [
            29.2992906,
            40.889318
          ],
          [
            29.2989948,
            40.8897789
          ],
          [
            29.2979407,
            40.8914314
          ],
          [
            29.2977449,
            40.8917538
          ],
          [
            29.2975658,
            40.8920265
          ],
          [
            29.2975478,
            40.8920671
          ],
          [
            29.2975371,
            40.8921035
          ],
          [
            29.297529,
            40.8921401
          ],
          [
            29.2975277,
            40.8921867
          ],
          [
            29.2975384,
            40.8922486
          ],
          [
            29.2975786,
            40.8923297
          ],
          [
            29.2976108,
            40.8923844
          ],
          [
            29.2976698,
            40.8924452
          ],
          [
            29.2977295,
            40.8924886
          ],
          [
            29.2977634,
            40.8925086
          ],
          [
            29.297812,
            40.8925324
          ]
        ]
      },
      "properties": {
        "id": 1012600081,
        "type": "way",
        "aeroway": "taxiway",
        "ref": "V",
        "name": "",
        "surface": "concrete",
        "width": "",
        "length": "",
        "tags": {
          "aeroway": "taxiway",
          "ref": "V",
          "surface": "concrete"
        }
      }
    },
    {
      "type": "Feature",
      "geometry": {
        "type": "LineString",
        "coordinates": [
          [
            29.2941454,
            40.8911821
          ],
          [
            29.296944,
            40.8922085
          ],
          [
            29.297812,
            40.8925324
          ],
          [
            29.2986252,
            40.8928347
          ],
          [
            29.2992738,
            40.8930759
          ],
          [
            29.2997363,
            40.8932379
          ]
        ]
      },
      "properties": {
        "id": 1012600082,
        "type": "way",
        "aeroway": "taxiway",
        "ref": "C",
        "name": "",
        "surface": "concrete",
        "width": "",
        "length": "",
        "tags": {
          "aeroway": "taxiway",
          "ref": "C",
          "surface": "concrete"
        }
      }
    },
    {
      "type": "Feature",
      "geometry": {
        "type": "LineString",
        "coordinates": [
          [
            29.3203276,
            40.8934928
          ],
          [
            29.3202406,
            40.8934783
          ],
          [
            29.3201441,
            40.8934621
          ],
          [
            29.3200099,
            40.893455
          ],
          [
            29.3199241,
            40.8934651
          ],
          [
            29.3197954,
            40.8934945
          ],
          [
            29.3196827,
            40.8935553
          ],
          [
            29.319617,
            40.893602
          ],
          [
            29.3195523,
            40.8936712
          ],
          [
            29.3194554,
            40.8938228
          ],
          [
            29.3194011,
            40.8938706
          ],
          [
            29.3193085,
            40.8939294
          ],
          [
            29.3192214,
            40.8939669
          ],
          [
            29.3191302,
            40.8939953
          ],
          [
            29.319043,
            40.8940095
          ],
          [
            29.3189384,
            40.8940166
          ],
          [
            29.3188606,
            40.8940095
          ],
          [
            29.3187492,
            40.8939885
          ]
        ]
      },
      "properties": {
        "id": 1012600083,
        "type": "way",
        "aeroway": "taxiway",
        "ref": "B7",
        "name": "",
        "surface": "concrete",
        "width": "",
        "length": "",
        "tags": {
          "aeroway": "taxiway",
          "ref": "B7",
          "surface": "concrete"
        }
      }
    },
    {
      "type": "Feature",
      "geometry": {
        "type": "LineString",
        "coordinates": [
          [
            29.3384226,
            40.9001621
          ],
          [
            29.3385293,
            40.9001902
          ],
          [
            29.3385977,
            40.9001983
          ],
          [
            29.3386486,
            40.9001993
          ],
          [
            29.3386935,
            40.9001962
          ],
          [
            29.3387599,
            40.9001932
          ],
          [
            29.3388297,
            40.9001785
          ],
          [
            29.3389074,
            40.9001608
          ],
          [
            29.3390496,
            40.900101
          ],
          [
            29.3391767,
            40.899995
          ],
          [
            29.3393087,
            40.8997876
          ],
          [
            29.339562,
            40.8993895
          ],
          [
            29.3397986,
            40.8990178
          ],
          [
            29.3398355,
            40.898918
          ],
          [
            29.3398462,
            40.8987943
          ],
          [
            29.3397979,
            40.8986838
          ],
          [
            29.3397322,
            40.8985936
          ],
          [
            29.339637,
            40.8985115
          ],
          [
            29.3395056,
            40.8984527
          ],
          [
            29.3387641,
            40.8981603
          ]
        ]
      },
      "properties": {
        "id": 1012600084,
        "type": "way",
        "aeroway": "taxiway",
        "ref": "A11",
        "name": "",
        "surface": "concrete",
        "width": "",
        "length": "",
        "tags": {
          "aeroway": "taxiway",
          "ref": "A11",
          "surface": "concrete"
        }
      }
    },
    {
      "type": "Feature",
      "geometry": {
        "type": "LineString",
        "coordinates": [
          [
            29.3381326,
            40.8996128
          ],
          [
            29.3382657,
            40.8994045
          ],
          [
            29.3385196,
            40.8990073
          ],
          [
            29.3387245,
            40.8986866
          ],
          [
            29.3387572,
            40.8986342
          ],
          [
            29.3387847,
            40.8985642
          ],
          [
            29.3387941,
            40.8985156
          ],
          [
            29.3387941,
            40.8984431
          ],
          [
            29.3387774,
            40.8983635
          ],
          [
            29.3387412,
            40.8982814
          ],
          [
            29.3386701,
            40.8981998
          ],
          [
            29.3385896,
            40.8981268
          ],
          [
            29.3384984,
            40.8980842
          ],
          [
            29.3375382,
            40.8977093
          ]
        ]
      },
      "properties": {
        "id": 1012600085,
        "type": "way",
        "aeroway": "taxiway",
        "ref": "A10",
        "name": "",
        "surface": "concrete",
        "width": "",
        "length": "",
        "tags": {
          "aeroway": "taxiway",
          "ref": "A10",
          "surface": "concrete"
        }
      }
    },
    {
      "type": "Feature",
      "geometry": {
        "type": "LineString",
        "coordinates": [
          [
            29.3313302,
            40.8975404
          ],
          [
            29.3305618,
            40.8972302
          ],
          [
            29.3303499,
            40.8971187
          ],
          [
            29.3301406,
            40.8969727
          ],
          [
            29.3299191,
            40.8967599
          ],
          [
            29.3288934,
            40.8956386
          ],
          [
            29.3282497,
            40.8949249
          ],
          [
            29.3276748,
            40.8944201
          ],
          [
            29.3273136,
            40.8941545
          ],
          [
            29.3268523,
            40.8938747
          ],
          [
            29.326517,
            40.8936902
          ],
          [
            29.3258795,
            40.8934188
          ]
        ]
      },
      "properties": {
        "id": 1012600087,
        "type": "way",
        "aeroway": "taxiway",
        "ref": "A8",
        "name": "",
        "surface": "asphalt",
        "width": "",
        "length": "",
        "tags": {
          "aeroway": "taxiway",
          "ref": "A8",
          "surface": "asphalt"
        }
      }
    },
    {
      "type": "Feature",
      "geometry": {
        "type": "LineString",
        "coordinates": [
          [
            29.3139688,
            40.8911571
          ],
          [
            29.3143505,
            40.8912571
          ],
          [
            29.3145369,
            40.8912946
          ],
          [
            29.3147448,
            40.891324
          ],
          [
            29.314954,
            40.8913392
          ],
          [
            29.3151887,
            40.8913412
          ],
          [
            29.3157291,
            40.8913138
          ],
          [
            29.3164855,
            40.8912692
          ],
          [
            29.3173968,
            40.8912251
          ],
          [
            29.3181619,
            40.8911881
          ],
          [
            29.3185133,
            40.8911901
          ],
          [
            29.318988,
            40.8912165
          ],
          [
            29.3193582,
            40.8912571
          ],
          [
            29.3197069,
            40.8913098
          ],
          [
            29.3203962,
            40.8914639
          ],
          [
            29.3209031,
            40.8915997
          ],
          [
            29.3213656,
            40.8917619
          ]
        ]
      },
      "properties": {
        "id": 1012600089,
        "type": "way",
        "aeroway": "taxiway",
        "ref": "A6",
        "name": "",
        "surface": "concrete",
        "width": "",
        "length": "",
        "tags": {
          "aeroway": "taxiway",
          "ref": "A6",
          "surface": "concrete"
        }
      }
    },
    {
      "type": "Feature",
      "geometry": {
        "type": "LineString",
        "coordinates": [
          [
            29.3097483,
            40.889602
          ],
          [
            29.3100496,
            40.8896704
          ],
          [
            29.3102601,
            40.8897079
          ],
          [
            29.3105015,
            40.8897424
          ],
          [
            29.3107134,
            40.8897566
          ],
          [
            29.3109762,
            40.8897596
          ],
          [
            29.3120675,
            40.8897062
          ],
          [
            29.3129075,
            40.8896552
          ],
          [
            29.313114,
            40.8896448
          ],
          [
            29.3138355,
            40.8896086
          ],
          [
            29.314093,
            40.8896147
          ],
          [
            29.3144122,
            40.8896268
          ],
          [
            29.3149862,
            40.8896755
          ],
          [
            29.3153805,
            40.8897262
          ],
          [
            29.3158177,
            40.8898113
          ],
          [
            29.3161556,
            40.8898985
          ],
          [
            29.3166196,
            40.8900384
          ],
          [
            29.3169697,
            40.8901642
          ],
          [
            29.3176689,
            40.8904042
          ]
        ]
      },
      "properties": {
        "id": 1012600091,
        "type": "way",
        "aeroway": "taxiway",
        "ref": "A5",
        "name": "",
        "surface": "concrete",
        "width": "",
        "length": "",
        "tags": {
          "aeroway": "taxiway",
          "ref": "A5",
          "surface": "concrete"
        }
      }
    },
    {
      "type": "Feature",
      "geometry": {
        "type": "LineString",
        "coordinates": [
          [
            29.3146996,
            40.8914264
          ],
          [
            29.3150715,
            40.8915634
          ],
          [
            29.3162845,
            40.8920103
          ],
          [
            29.3192504,
            40.8930958
          ],
          [
            29.3197535,
            40.8932799
          ],
          [
            29.3203276,
            40.8934928
          ],
          [
            29.3234233,
            40.8946406
          ],
          [
            29.3239043,
            40.8948178
          ],
          [
            29.3243513,
            40.8949825
          ],
          [
            29.3258987,
            40.8955527
          ],
          [
            29.3302302,
            40.897133
          ],
          [
            29.335287,
            40.8990115
          ],
          [
            29.3373423,
            40.8997687
          ],
          [
            29.3384226,
            40.9001621
          ]
        ]
      },
      "properties": {
        "id": 1012600094,
        "type": "way",
        "aeroway": "taxiway",
        "ref": "A",
        "name": "",
        "surface": "concrete",
        "width": "",
        "length": "",
        "tags": {
          "aeroway": "taxiway",
          "ref": "A",
          "surface": "concrete"
        }
      }
    },
    {
      "type": "Feature",
      "geometry": {
        "type": "LineString",
        "coordinates": [
          [
            29.3001554,
            40.8871342
          ],
          [
            29.3005526,
            40.8872833
          ],
          [
            29.3011094,
            40.8874884
          ],
          [
            29.3020994,
            40.8878519
          ],
          [
            29.3060492,
            40.8893083
          ],
          [
            29.3097772,
            40.8906513
          ],
          [
            29.3140093,
            40.8922382
          ],
          [
            29.3144062,
            40.8923864
          ],
          [
            29.3152769,
            40.8927087
          ],
          [
            29.315356,
            40.892738
          ],
          [
            29.3165177,
            40.8931681
          ],
          [
            29.3187492,
            40.8939885
          ],
          [
            29.3188895,
            40.8940398
          ],
          [
            29.319151,
            40.8941356
          ],
          [
            29.3192301,
            40.8941645
          ],
          [
            29.3193502,
            40.8942099
          ],
          [
            29.3196264,
            40.8943143
          ],
          [
            29.3197215,
            40.8943503
          ],
          [
            29.322882,
            40.8955076
          ],
          [
            29.3230269,
            40.8955632
          ],
          [
            29.3232212,
            40.8956562
          ],
          [
            29.3233332,
            40.8957075
          ],
          [
            29.3234812,
            40.8957631
          ],
          [
            29.3250672,
            40.8963583
          ]
        ]
      },
      "properties": {
        "id": 1012600095,
        "type": "way",
        "aeroway": "taxiway",
        "ref": "B",
        "name": "",
        "surface": "concrete",
        "width": "",
        "length": "",
        "tags": {
          "aeroway": "taxiway",
          "ref": "B",
          "surface": "concrete"
        }
      }
    },
    {
      "type": "Feature",
      "geometry": {
        "type": "LineString",
        "coordinates": [
          [
            29.3213656,
            40.8917619
          ],
          [
            29.3226865,
            40.8922432
          ],
          [
            29.3258795,
            40.8934188
          ],
          [
            29.3274924,
            40.8940126
          ],
          [
            29.3294745,
            40.8947424
          ],
          [
            29.3316888,
            40.8955577
          ],
          [
            29.3375382,
            40.8977093
          ],
          [
            29.3387641,
            40.8981603
          ],
          [
            29.3389551,
            40.8982305
          ],
          [
            29.3400105,
            40.8986214
          ],
          [
            29.340392,
            40.8987538
          ]
        ]
      },
      "properties": {
        "id": 1012600097,
        "type": "way",
        "aeroway": "runway",
        "ref": "06R/24L",
        "name": "",
        "surface": "beton;asfalt",
        "width": "60",
        "length": "3540",
        "tags": {
          "aeroway": "runway",
          "length": "3540",
          "ref": "06R/24L",
          "surface": "beton;asfalt",
          "width": "60"
        }
      }
    },
    {
      "type": "Feature",
      "geometry": {
        "type": "LineString",
        "coordinates": [
          [
            29.2958723,
            40.8957271
          ],
          [
            29.2957916,
            40.8957287
          ],
          [
            29.2957005,
            40.8957516
          ],
          [
            29.2955518,
            40.8958308
          ],
          [
            29.2953804,
            40.8959305
          ],
          [
            29.2944009,
            40.8964647
          ],
          [
            29.2943281,
            40.8964945
          ],
          [
            29.2942371,
            40.8965152
          ],
          [
            29.2941369,
            40.8965198
          ],
          [
            29.294043,
            40.896523
          ],
          [
            29.2940098,
            40.8965242
          ],
          [
            29.2936757,
            40.8965358
          ],
          [
            29.2936044,
            40.8965335
          ],
          [
            29.2935179,
            40.8965094
          ],
          [
            29.2931585,
            40.8963769
          ],
          [
            29.2931308,
            40.8963667
          ],
          [
            29.2923164,
            40.8960662
          ],
          [
            29.2911179,
            40.8956241
          ],
          [
            29.291086,
            40.8956094
          ]
        ]
      },
      "properties": {
        "id": 1137264492,
        "type": "way",
        "aeroway": "taxiway",
        "ref": "D1",
        "name": "",
        "surface": "concrete",
        "width": "",
        "length": "",
        "tags": {
          "aeroway": "taxiway",
          "ref": "D1",
          "surface": "concrete"
        }
      }
    },
    {
      "type": "Feature",
      "geometry": {
        "type": "LineString",
        "coordinates": [
          [
            29.2940098,
            40.8965242
          ],
          [
            29.2939379,
            40.8965117
          ],
          [
            29.2938714,
            40.8964776
          ],
          [
            29.2938317,
            40.8964379
          ],
          [
            29.2938016,
            40.8963835
          ],
          [
            29.2937941,
            40.8962976
          ],
          [
            29.293672,
            40.8950015
          ],
          [
            29.2936313,
            40.894931
          ],
          [
            29.2935725,
            40.8948804
          ]
        ]
      },
      "properties": {
        "id": 1137264493,
        "type": "way",
        "aeroway": "parking_position",
        "ref": "51",
        "name": "",
        "surface": "",
        "width": "",
        "length": "",
        "tags": {
          "aeroway": "parking_position",
          "ref": "51"
        }
      }
    },
    {
      "type": "Feature",
      "geometry": {
        "type": "LineString",
        "coordinates": [
          [
            29.2931308,
            40.8963667
          ],
          [
            29.2930717,
            40.8963273
          ],
          [
            29.2930302,
            40.8962685
          ],
          [
            29.2930213,
            40.8962044
          ],
          [
            29.2928792,
            40.8947292
          ],
          [
            29.2928542,
            40.8946656
          ],
          [
            29.292818,
            40.8946009
          ],
          [
            29.29278,
            40.8945541
          ]
        ]
      },
      "properties": {
        "id": 1137264494,
        "type": "way",
        "aeroway": "parking_position",
        "ref": "52",
        "name": "",
        "surface": "",
        "width": "",
        "length": "",
        "tags": {
          "aeroway": "parking_position",
          "ref": "52"
        }
      }
    },
    {
      "type": "Feature",
      "geometry": {
        "type": "LineString",
        "coordinates": [
          [
            29.2923164,
            40.8960662
          ],
          [
            29.2922842,
            40.8960395
          ],
          [
            29.2922591,
            40.896008
          ],
          [
            29.2922368,
            40.8959378
          ],
          [
            29.2921185,
            40.894691
          ],
          [
            29.2921177,
            40.8946421
          ],
          [
            29.2921294,
            40.894595
          ],
          [
            29.2921846,
            40.894502
          ]
        ]
      },
      "properties": {
        "id": 1137264495,
        "type": "way",
        "aeroway": "parking_position",
        "ref": "53",
        "name": "",
        "surface": "",
        "width": "",
        "length": "",
        "tags": {
          "aeroway": "parking_position",
          "ref": "53"
        }
      }
    },
    {
      "type": "Feature",
      "geometry": {
        "type": "LineString",
        "coordinates": [
          [
            29.291086,
            40.8956094
          ],
          [
            29.2910401,
            40.8955747
          ],
          [
            29.2910101,
            40.8955333
          ],
          [
            29.2909924,
            40.8954859
          ],
          [
            29.290994,
            40.8954401
          ],
          [
            29.2910326,
            40.8953667
          ],
          [
            29.2910884,
            40.8952783
          ],
          [
            29.2914716,
            40.8946778
          ],
          [
            29.2915081,
            40.8946393
          ],
          [
            29.2915473,
            40.8946182
          ],
          [
            29.2916009,
            40.8946073
          ]
        ]
      },
      "properties": {
        "id": 1137264496,
        "type": "way",
        "aeroway": "parking_position",
        "ref": "54",
        "name": "",
        "surface": "",
        "width": "",
        "length": "",
        "tags": {
          "aeroway": "parking_position",
          "ref": "54"
        }
      }
    },
    {
      "type": "Feature",
      "geometry": {
        "type": "LineString",
        "coordinates": [
          [
            29.291086,
            40.8956094
          ],
          [
            29.2909887,
            40.8955647
          ],
          [
            29.2908479,
            40.8954781
          ],
          [
            29.2906634,
            40.8953237
          ],
          [
            29.2905082,
            40.8951805
          ],
          [
            29.2904758,
            40.8951382
          ],
          [
            29.2904812,
            40.8950932
          ],
          [
            29.2905389,
            40.8949909
          ],
          [
            29.2907843,
            40.8946172
          ],
          [
            29.2908391,
            40.8945726
          ],
          [
            29.2908917,
            40.894562
          ],
          [
            29.2909678,
            40.8945677
          ],
          [
            29.2911373,
            40.8946074
          ],
          [
            29.2912425,
            40.8946229
          ],
          [
            29.2914163,
            40.894618
          ],
          [
            29.2916009,
            40.8946073
          ],
          [
            29.2916255,
            40.8946058
          ]
        ]
      },
      "properties": {
        "id": 1137264497,
        "type": "way",
        "aeroway": "parking_position",
        "ref": "54A",
        "name": "",
        "surface": "",
        "width": "",
        "length": "",
        "tags": {
          "aeroway": "parking_position",
          "ref": "54A"
        }
      }
    },
    {
      "type": "Feature",
      "geometry": {
        "type": "LineString",
        "coordinates": [
          [
            29.2916255,
            40.8946058
          ],
          [
            29.2918455,
            40.8945823
          ],
          [
            29.2920959,
            40.8945441
          ],
          [
            29.2921846,
            40.894502
          ],
          [
            29.2922531,
            40.8944096
          ],
          [
            29.2925634,
            40.8939044
          ]
        ]
      },
      "properties": {
        "id": 1137264498,
        "type": "way",
        "aeroway": "taxiway",
        "ref": "",
        "name": "",
        "surface": "",
        "width": "",
        "length": "",
        "tags": {
          "aeroway": "taxiway"
        }
      }
    },
    {
      "type": "Feature",
      "geometry": {
        "type": "LineString",
        "coordinates": [
          [
            29.313259,
            40.904074
          ],
          [
            29.3127191,
            40.9049105
          ]
        ]
      },
      "properties": {
        "id": 1137264500,
        "type": "way",
        "aeroway": "parking_position",
        "ref": "11",
        "name": "",
        "surface": "",
        "width": "",
        "length": "",
        "tags": {
          "aeroway": "parking_position",
          "ref": "11"
        }
      }
    },
    {
      "type": "Feature",
      "geometry": {
        "type": "LineString",
        "coordinates": [
          [
            29.3127883,
            40.9039016
          ],
          [
            29.3122464,
            40.9047387
          ]
        ]
      },
      "properties": {
        "id": 1137264501,
        "type": "way",
        "aeroway": "parking_position",
        "ref": "10",
        "name": "",
        "surface": "",
        "width": "",
        "length": "",
        "tags": {
          "aeroway": "parking_position",
          "ref": "10"
        }
      }
    },
    {
      "type": "Feature",
      "geometry": {
        "type": "LineString",
        "coordinates": [
          [
            29.3123244,
            40.9037316
          ],
          [
            29.3117845,
            40.9045709
          ]
        ]
      },
      "properties": {
        "id": 1137264502,
        "type": "way",
        "aeroway": "parking_position",
        "ref": "09",
        "name": "",
        "surface": "",
        "width": "",
        "length": "",
        "tags": {
          "aeroway": "parking_position",
          "ref": "09"
        }
      }
    },
    {
      "type": "Feature",
      "geometry": {
        "type": "LineString",
        "coordinates": [
          [
            29.3118605,
            40.9035616
          ],
          [
            29.3113334,
            40.9043882
          ]
        ]
      },
      "properties": {
        "id": 1137264503,
        "type": "way",
        "aeroway": "parking_position",
        "ref": "08",
        "name": "",
        "surface": "",
        "width": "",
        "length": "",
        "tags": {
          "aeroway": "parking_position",
          "ref": "08"
        }
      }
    },
    {
      "type": "Feature",
      "geometry": {
        "type": "LineString",
        "coordinates": [
          [
            29.3114014,
            40.9033934
          ],
          [
            29.3108588,
            40.9042218
          ]
        ]
      },
      "properties": {
        "id": 1137264504,
        "type": "way",
        "aeroway": "parking_position",
        "ref": "07",
        "name": "",
        "surface": "",
        "width": "",
        "length": "",
        "tags": {
          "aeroway": "parking_position",
          "ref": "07"
        }
      }
    },
    {
      "type": "Feature",
      "geometry": {
        "type": "LineString",
        "coordinates": [
          [
            29.310875,
            40.9032005
          ],
          [
            29.3103446,
            40.9040241
          ]
        ]
      },
      "properties": {
        "id": 1137264505,
        "type": "way",
        "aeroway": "parking_position",
        "ref": "06",
        "name": "",
        "surface": "",
        "width": "",
        "length": "",
        "tags": {
          "aeroway": "parking_position",
          "ref": "06"
        }
      }
    },
    {
      "type": "Feature",
      "geometry": {
        "type": "LineString",
        "coordinates": [
          [
            29.3104094,
            40.9030299
          ],
          [
            29.3098791,
            40.9038509
          ]
        ]
      },
      "properties": {
        "id": 1137264506,
        "type": "way",
        "aeroway": "parking_position",
        "ref": "05",
        "name": "",
        "surface": "",
        "width": "",
        "length": "",
        "tags": {
          "aeroway": "parking_position",
          "ref": "05"
        }
      }
    },
    {
      "type": "Feature",
      "geometry": {
        "type": "LineString",
        "coordinates": [
          [
            29.3099433,
            40.9028591
          ],
          [
            29.3094099,
            40.9036872
          ]
        ]
      },
      "properties": {
        "id": 1137264507,
        "type": "way",
        "aeroway": "parking_position",
        "ref": "04",
        "name": "",
        "surface": "",
        "width": "",
        "length": "",
        "tags": {
          "aeroway": "parking_position",
          "ref": "04"
        }
      }
    },
    {
      "type": "Feature",
      "geometry": {
        "type": "LineString",
        "coordinates": [
          [
            29.3094814,
            40.9026899
          ],
          [
            29.3089444,
            40.9035222
          ]
        ]
      },
      "properties": {
        "id": 1137264508,
        "type": "way",
        "aeroway": "parking_position",
        "ref": "03",
        "name": "",
        "surface": "",
        "width": "",
        "length": "",
        "tags": {
          "aeroway": "parking_position",
          "ref": "03"
        }
      }
    },
    {
      "type": "Feature",
      "geometry": {
        "type": "LineString",
        "coordinates": [
          [
            29.3090168,
            40.9025196
          ],
          [
            29.308747,
            40.9029343
          ],
          [
            29.3084771,
            40.903349
          ]
        ]
      },
      "properties": {
        "id": 1137264509,
        "type": "way",
        "aeroway": "parking_position",
        "ref": "02",
        "name": "",
        "surface": "",
        "width": "",
        "length": "",
        "tags": {
          "aeroway": "parking_position",
          "ref": "02"
        }
      }
    },
    {
      "type": "Feature",
      "geometry": {
        "type": "LineString",
        "coordinates": [
          [
            29.3080115,
            40.9031744
          ],
          [
            29.3084717,
            40.9024666
          ]
        ]
      },
      "properties": {
        "id": 1137264510,
        "type": "way",
        "aeroway": "parking_position",
        "ref": "01",
        "name": "",
        "surface": "",
        "width": "",
        "length": "",
        "tags": {
          "aeroway": "parking_position",
          "ref": "01"
        }
      }
    },
    {
      "type": "Feature",
      "geometry": {
        "type": "LineString",
        "coordinates": [
          [
            29.3084717,
            40.9024666
          ],
          [
            29.3085456,
            40.9023657
          ],
          [
            29.3086106,
            40.9023084
          ],
          [
            29.3087044,
            40.9022092
          ],
          [
            29.3087771,
            40.902117
          ]
        ]
      },
      "properties": {
        "id": 1137264511,
        "type": "way",
        "aeroway": "parking_position",
        "ref": "",
        "name": "",
        "surface": "",
        "width": "",
        "length": "",
        "tags": {
          "aeroway": "parking_position"
        }
      }
    },
    {
      "type": "Feature",
      "geometry": {
        "type": "LineString",
        "coordinates": [
          [
            29.3084717,
            40.9024666
          ],
          [
            29.3085418,
            40.9024028
          ],
          [
            29.3086037,
            40.9023829
          ],
          [
            29.3086882,
            40.9023916
          ],
          [
            29.3087784,
            40.902423
          ],
          [
            29.3089084,
            40.9024799
          ]
        ]
      },
      "properties": {
        "id": 1137264512,
        "type": "way",
        "aeroway": "parking_position",
        "ref": "",
        "name": "",
        "surface": "",
        "width": "",
        "length": "",
        "tags": {
          "aeroway": "parking_position"
        }
      }
    },
    {
      "type": "Feature",
      "geometry": {
        "type": "LineString",
        "coordinates": [
          [
            29.3094814,
            40.9026899
          ],
          [
            29.3100358,
            40.9018079
          ]
        ]
      },
      "properties": {
        "id": 1137264513,
        "type": "way",
        "aeroway": "parking_position",
        "ref": "32",
        "name": "",
        "surface": "",
        "width": "",
        "length": "",
        "tags": {
          "aeroway": "parking_position",
          "ref": "32"
        }
      }
    },
    {
      "type": "Feature",
      "geometry": {
        "type": "LineString",
        "coordinates": [
          [
            29.3099433,
            40.9028591
          ],
          [
            29.3105001,
            40.9019845
          ]
        ]
      },
      "properties": {
        "id": 1137264514,
        "type": "way",
        "aeroway": "parking_position",
        "ref": "31",
        "name": "",
        "surface": "",
        "width": "",
        "length": "",
        "tags": {
          "aeroway": "parking_position",
          "ref": "31"
        }
      }
    },
    {
      "type": "Feature",
      "geometry": {
        "type": "LineString",
        "coordinates": [
          [
            29.3104094,
            40.9030299
          ],
          [
            29.3109613,
            40.9021726
          ]
        ]
      },
      "properties": {
        "id": 1137264515,
        "type": "way",
        "aeroway": "parking_position",
        "ref": "30",
        "name": "",
        "surface": "",
        "width": "",
        "length": "",
        "tags": {
          "aeroway": "parking_position",
          "ref": "30"
        }
      }
    },
    {
      "type": "Feature",
      "geometry": {
        "type": "LineString",
        "coordinates": [
          [
            29.310875,
            40.9032005
          ],
          [
            29.3114226,
            40.9023239
          ]
        ]
      },
      "properties": {
        "id": 1137264516,
        "type": "way",
        "aeroway": "parking_position",
        "ref": "29",
        "name": "",
        "surface": "",
        "width": "",
        "length": "",
        "tags": {
          "aeroway": "parking_position",
          "ref": "29"
        }
      }
    },
    {
      "type": "Feature",
      "geometry": {
        "type": "LineString",
        "coordinates": [
          [
            29.3114014,
            40.9033934
          ],
          [
            29.3119415,
            40.9025418
          ]
        ]
      },
      "properties": {
        "id": 1137264517,
        "type": "way",
        "aeroway": "parking_position",
        "ref": "28",
        "name": "",
        "surface": "",
        "width": "",
        "length": "",
        "tags": {
          "aeroway": "parking_position",
          "ref": "28"
        }
      }
    },
    {
      "type": "Feature",
      "geometry": {
        "type": "LineString",
        "coordinates": [
          [
            29.3118605,
            40.9035616
          ],
          [
            29.3124149,
            40.9026978
          ]
        ]
      },
      "properties": {
        "id": 1137264518,
        "type": "way",
        "aeroway": "parking_position",
        "ref": "27",
        "name": "",
        "surface": "",
        "width": "",
        "length": "",
        "tags": {
          "aeroway": "parking_position",
          "ref": "27"
        }
      }
    },
    {
      "type": "Feature",
      "geometry": {
        "type": "LineString",
        "coordinates": [
          [
            29.3123244,
            40.9037316
          ],
          [
            29.3128943,
            40.9028561
          ]
        ]
      },
      "properties": {
        "id": 1137264519,
        "type": "way",
        "aeroway": "parking_position",
        "ref": "26",
        "name": "",
        "surface": "",
        "width": "",
        "length": "",
        "tags": {
          "aeroway": "parking_position",
          "ref": "26"
        }
      }
    },
    {
      "type": "Feature",
      "geometry": {
        "type": "LineString",
        "coordinates": [
          [
            29.3127883,
            40.9039016
          ],
          [
            29.3133526,
            40.9030258
          ]
        ]
      },
      "properties": {
        "id": 1137264520,
        "type": "way",
        "aeroway": "parking_position",
        "ref": "25",
        "name": "",
        "surface": "",
        "width": "",
        "length": "",
        "tags": {
          "aeroway": "parking_position",
          "ref": "25"
        }
      }
    },
    {
      "type": "Feature",
      "geometry": {
        "type": "LineString",
        "coordinates": [
          [
            29.313259,
            40.904074
          ],
          [
            29.3138077,
            40.9032139
          ]
        ]
      },
      "properties": {
        "id": 1137264521,
        "type": "way",
        "aeroway": "parking_position",
        "ref": "24",
        "name": "",
        "surface": "",
        "width": "",
        "length": "",
        "tags": {
          "aeroway": "parking_position",
          "ref": "24"
        }
      }
    },
    {
      "type": "Feature",
      "geometry": {
        "type": "LineString",
        "coordinates": [
          [
            29.3149787,
            40.9047041
          ],
          [
            29.3155398,
            40.9038286
          ]
        ]
      },
      "properties": {
        "id": 1137264522,
        "type": "way",
        "aeroway": "parking_position",
        "ref": "23",
        "name": "",
        "surface": "",
        "width": "",
        "length": "",
        "tags": {
          "aeroway": "parking_position",
          "ref": "23"
        }
      }
    },
    {
      "type": "Feature",
      "geometry": {
        "type": "LineString",
        "coordinates": [
          [
            29.3154444,
            40.9048748
          ],
          [
            29.3160165,
            40.90398
          ]
        ]
      },
      "properties": {
        "id": 1137264523,
        "type": "way",
        "aeroway": "parking_position",
        "ref": "22",
        "name": "",
        "surface": "",
        "width": "",
        "length": "",
        "tags": {
          "aeroway": "parking_position",
          "ref": "22"
        }
      }
    },
    {
      "type": "Feature",
      "geometry": {
        "type": "LineString",
        "coordinates": [
          [
            29.3159085,
            40.9050448
          ],
          [
            29.3164735,
            40.9041544
          ]
        ]
      },
      "properties": {
        "id": 1137264524,
        "type": "way",
        "aeroway": "parking_position",
        "ref": "21",
        "name": "",
        "surface": "",
        "width": "",
        "length": "",
        "tags": {
          "aeroway": "parking_position",
          "ref": "21"
        }
      }
    },
    {
      "type": "Feature",
      "geometry": {
        "type": "LineString",
        "coordinates": [
          [
            29.3163748,
            40.9052157
          ],
          [
            29.316943,
            40.9043318
          ]
        ]
      },
      "properties": {
        "id": 1137264525,
        "type": "way",
        "aeroway": "parking_position",
        "ref": "20",
        "name": "",
        "surface": "",
        "width": "",
        "length": "",
        "tags": {
          "aeroway": "parking_position",
          "ref": "20"
        }
      }
    },
    {
      "type": "Feature",
      "geometry": {
        "type": "LineString",
        "coordinates": [
          [
            29.3168451,
            40.905388
          ],
          [
            29.31741,
            40.9045035
          ]
        ]
      },
      "properties": {
        "id": 1137264526,
        "type": "way",
        "aeroway": "parking_position",
        "ref": "19",
        "name": "",
        "surface": "",
        "width": "",
        "length": "",
        "tags": {
          "aeroway": "parking_position",
          "ref": "19"
        }
      }
    },
    {
      "type": "Feature",
      "geometry": {
        "type": "LineString",
        "coordinates": [
          [
            29.3172992,
            40.9055544
          ],
          [
            29.3178616,
            40.904679
          ]
        ]
      },
      "properties": {
        "id": 1137264527,
        "type": "way",
        "aeroway": "parking_position",
        "ref": "18",
        "name": "",
        "surface": "",
        "width": "",
        "length": "",
        "tags": {
          "aeroway": "parking_position",
          "ref": "18"
        }
      }
    },
    {
      "type": "Feature",
      "geometry": {
        "type": "LineString",
        "coordinates": [
          [
            29.3178866,
            40.9057696
          ],
          [
            29.3184536,
            40.9048795
          ]
        ]
      },
      "properties": {
        "id": 1137264528,
        "type": "way",
        "aeroway": "parking_position",
        "ref": "17",
        "name": "",
        "surface": "",
        "width": "",
        "length": "",
        "tags": {
          "aeroway": "parking_position",
          "ref": "17"
        }
      }
    },
    {
      "type": "Feature",
      "geometry": {
        "type": "LineString",
        "coordinates": [
          [
            29.3183506,
            40.9059396
          ],
          [
            29.3189081,
            40.905044
          ]
        ]
      },
      "properties": {
        "id": 1137264529,
        "type": "way",
        "aeroway": "parking_position",
        "ref": "16",
        "name": "",
        "surface": "",
        "width": "",
        "length": "",
        "tags": {
          "aeroway": "parking_position",
          "ref": "16"
        }
      }
    },
    {
      "type": "Feature",
      "geometry": {
        "type": "LineString",
        "coordinates": [
          [
            29.3198905,
            40.9065038
          ],
          [
            29.3204557,
            40.9056265
          ]
        ]
      },
      "properties": {
        "id": 1137264530,
        "type": "way",
        "aeroway": "parking_position",
        "ref": "15",
        "name": "",
        "surface": "",
        "width": "",
        "length": "",
        "tags": {
          "aeroway": "parking_position",
          "ref": "15"
        }
      }
    },
    {
      "type": "Feature",
      "geometry": {
        "type": "LineString",
        "coordinates": [
          [
            29.3203606,
            40.9066761
          ],
          [
            29.3208957,
            40.9058237
          ]
        ]
      },
      "properties": {
        "id": 1137264531,
        "type": "way",
        "aeroway": "parking_position",
        "ref": "14",
        "name": "",
        "surface": "",
        "width": "",
        "length": "",
        "tags": {
          "aeroway": "parking_position",
          "ref": "14"
        }
      }
    },
    {
      "type": "Feature",
      "geometry": {
        "type": "LineString",
        "coordinates": [
          [
            29.3208307,
            40.9068483
          ],
          [
            29.3213843,
            40.9059843
          ]
        ]
      },
      "properties": {
        "id": 1137264532,
        "type": "way",
        "aeroway": "parking_position",
        "ref": "13",
        "name": "",
        "surface": "",
        "width": "",
        "length": "",
        "tags": {
          "aeroway": "parking_position",
          "ref": "13"
        }
      }
    },
    {
      "type": "Feature",
      "geometry": {
        "type": "LineString",
        "coordinates": [
          [
            29.3212924,
            40.9070175
          ],
          [
            29.3218547,
            40.9061425
          ]
        ]
      },
      "properties": {
        "id": 1137264533,
        "type": "way",
        "aeroway": "parking_position",
        "ref": "12",
        "name": "",
        "surface": "",
        "width": "",
        "length": "",
        "tags": {
          "aeroway": "parking_position",
          "ref": "12"
        }
      }
    },
    {
      "type": "Feature",
      "geometry": {
        "type": "LineString",
        "coordinates": [
          [
            29.3213479,
            40.9071806
          ],
          [
            29.3214068,
            40.9071471
          ],
          [
            29.3214825,
            40.9071378
          ],
          [
            29.3215661,
            40.9071329
          ],
          [
            29.3216392,
            40.9071446
          ]
        ]
      },
      "properties": {
        "id": 1137264534,
        "type": "way",
        "aeroway": "taxiway",
        "ref": "",
        "name": "",
        "surface": "",
        "width": "",
        "length": "",
        "tags": {
          "aeroway": "taxiway"
        }
      }
    },
    {
      "type": "Feature",
      "geometry": {
        "type": "LineString",
        "coordinates": [
          [
            29.3188786,
            40.9085119
          ],
          [
            29.3197865,
            40.9088481
          ]
        ]
      },
      "properties": {
        "id": 1137264535,
        "type": "way",
        "aeroway": "parking_position",
        "ref": "301",
        "name": "",
        "surface": "",
        "width": "",
        "length": "",
        "tags": {
          "aeroway": "parking_position",
          "ref": "301"
        }
      }
    },
    {
      "type": "Feature",
      "geometry": {
        "type": "LineString",
        "coordinates": [
          [
            29.3197865,
            40.9088481
          ],
          [
            29.3206344,
            40.909161
          ]
        ]
      },
      "properties": {
        "id": 1137264536,
        "type": "way",
        "aeroway": "parking_position",
        "ref": "308",
        "name": "",
        "surface": "",
        "width": "",
        "length": "",
        "tags": {
          "aeroway": "parking_position",
          "ref": "308"
        }
      }
    },
    {
      "type": "Feature",
      "geometry": {
        "type": "LineString",
        "coordinates": [
          [
            29.3186332,
            40.9088378
          ],
          [
            29.3195794,
            40.9091728
          ]
        ]
      },
      "properties": {
        "id": 1137264537,
        "type": "way",
        "aeroway": "parking_position",
        "ref": "302",
        "name": "",
        "surface": "",
        "width": "",
        "length": "",
        "tags": {
          "aeroway": "parking_position",
          "ref": "302"
        }
      }
    },
    {
      "type": "Feature",
      "geometry": {
        "type": "LineString",
        "coordinates": [
          [
            29.3195794,
            40.9091728
          ],
          [
            29.3204358,
            40.9094883
          ]
        ]
      },
      "properties": {
        "id": 1137264538,
        "type": "way",
        "aeroway": "parking_position",
        "ref": "307",
        "name": "",
        "surface": "",
        "width": "",
        "length": "",
        "tags": {
          "aeroway": "parking_position",
          "ref": "307"
        }
      }
    },
    {
      "type": "Feature",
      "geometry": {
        "type": "LineString",
        "coordinates": [
          [
            29.3184257,
            40.9091651
          ],
          [
            29.3193698,
            40.9095014
          ]
        ]
      },
      "properties": {
        "id": 1137264539,
        "type": "way",
        "aeroway": "parking_position",
        "ref": "303",
        "name": "",
        "surface": "",
        "width": "",
        "length": "",
        "tags": {
          "aeroway": "parking_position",
          "ref": "303"
        }
      }
    },
    {
      "type": "Feature",
      "geometry": {
        "type": "LineString",
        "coordinates": [
          [
            29.3193698,
            40.9095014
          ],
          [
            29.3202193,
            40.9098183
          ]
        ]
      },
      "properties": {
        "id": 1137264540,
        "type": "way",
        "aeroway": "parking_position",
        "ref": "306",
        "name": "",
        "surface": "",
        "width": "",
        "length": "",
        "tags": {
          "aeroway": "parking_position",
          "ref": "306"
        }
      }
    },
    {
      "type": "Feature",
      "geometry": {
        "type": "LineString",
        "coordinates": [
          [
            29.3182182,
            40.9094883
          ],
          [
            29.3191596,
            40.9098309
          ]
        ]
      },
      "properties": {
        "id": 1137264541,
        "type": "way",
        "aeroway": "parking_position",
        "ref": "304",
        "name": "",
        "surface": "",
        "width": "",
        "length": "",
        "tags": {
          "aeroway": "parking_position",
          "ref": "304"
        }
      }
    },
    {
      "type": "Feature",
      "geometry": {
        "type": "LineString",
        "coordinates": [
          [
            29.3191596,
            40.9098309
          ],
          [
            29.3200118,
            40.9101456
          ]
        ]
      },
      "properties": {
        "id": 1137264542,
        "type": "way",
        "aeroway": "parking_position",
        "ref": "305",
        "name": "",
        "surface": "",
        "width": "",
        "length": "",
        "tags": {
          "aeroway": "parking_position",
          "ref": "305"
        }
      }
    },
    {
      "type": "Feature",
      "geometry": {
        "type": "LineString",
        "coordinates": [
          [
            29.3214922,
            40.9084522
          ],
          [
            29.3221925,
            40.9073473
          ]
        ]
      },
      "properties": {
        "id": 1137264543,
        "type": "way",
        "aeroway": "parking_position",
        "ref": "401",
        "name": "",
        "surface": "",
        "width": "",
        "length": "",
        "tags": {
          "aeroway": "parking_position",
          "ref": "401"
        }
      }
    },
    {
      "type": "Feature",
      "geometry": {
        "type": "LineString",
        "coordinates": [
          [
            29.3223872,
            40.9087768
          ],
          [
            29.32311,
            40.9076842
          ]
        ]
      },
      "properties": {
        "id": 1137264544,
        "type": "way",
        "aeroway": "parking_position",
        "ref": "402",
        "name": "",
        "surface": "",
        "width": "",
        "length": "",
        "tags": {
          "aeroway": "parking_position",
          "ref": "402"
        }
      }
    },
    {
      "type": "Feature",
      "geometry": {
        "type": "LineString",
        "coordinates": [
          [
            29.3232857,
            40.9091204
          ],
          [
            29.3239977,
            40.9080197
          ]
        ]
      },
      "properties": {
        "id": 1137264545,
        "type": "way",
        "aeroway": "parking_position",
        "ref": "403",
        "name": "",
        "surface": "",
        "width": "",
        "length": "",
        "tags": {
          "aeroway": "parking_position",
          "ref": "403"
        }
      }
    },
    {
      "type": "Feature",
      "geometry": {
        "type": "LineString",
        "coordinates": [
          [
            29.3240363,
            40.9091259
          ],
          [
            29.3246127,
            40.908252
          ]
        ]
      },
      "properties": {
        "id": 1137264546,
        "type": "way",
        "aeroway": "parking_position",
        "ref": "404",
        "name": "",
        "surface": "",
        "width": "",
        "length": "",
        "tags": {
          "aeroway": "parking_position",
          "ref": "404"
        }
      }
    },
    {
      "type": "Feature",
      "geometry": {
        "type": "LineString",
        "coordinates": [
          [
            29.3250179,
            40.9073449
          ],
          [
            29.3244784,
            40.9082013
          ]
        ]
      },
      "properties": {
        "id": 1137264547,
        "type": "way",
        "aeroway": "parking_position",
        "ref": "405",
        "name": "",
        "surface": "",
        "width": "",
        "length": "",
        "tags": {
          "aeroway": "parking_position",
          "ref": "405"
        }
      }
    },
    {
      "type": "Feature",
      "geometry": {
        "type": "LineString",
        "coordinates": [
          [
            29.324455,
            40.9071595
          ],
          [
            29.3239227,
            40.9079913
          ]
        ]
      },
      "properties": {
        "id": 1137264548,
        "type": "way",
        "aeroway": "parking_position",
        "ref": "406",
        "name": "",
        "surface": "",
        "width": "",
        "length": "",
        "tags": {
          "aeroway": "parking_position",
          "ref": "406"
        }
      }
    },
    {
      "type": "Feature",
      "geometry": {
        "type": "LineString",
        "coordinates": [
          [
            29.3239136,
            40.9069331
          ],
          [
            29.3233741,
            40.907784
          ]
        ]
      },
      "properties": {
        "id": 1137264549,
        "type": "way",
        "aeroway": "parking_position",
        "ref": "407",
        "name": "",
        "surface": "",
        "width": "",
        "length": "",
        "tags": {
          "aeroway": "parking_position",
          "ref": "407"
        }
      }
    },
    {
      "type": "Feature",
      "geometry": {
        "type": "LineString",
        "coordinates": [
          [
            29.3222861,
            40.9063685
          ],
          [
            29.3217672,
            40.9071914
          ]
        ]
      },
      "properties": {
        "id": 1137264550,
        "type": "way",
        "aeroway": "parking_position",
        "ref": "408",
        "name": "",
        "surface": "",
        "width": "",
        "length": "",
        "tags": {
          "aeroway": "parking_position",
          "ref": "408"
        }
      }
    },
    {
      "type": "Feature",
      "geometry": {
        "type": "LineString",
        "coordinates": [
          [
            29.3243766,
            40.9055595
          ],
          [
            29.3241573,
            40.905895
          ],
          [
            29.3240689,
            40.905966
          ],
          [
            29.3239444,
            40.906026
          ],
          [
            29.3237874,
            40.9060641
          ],
          [
            29.3236431,
            40.9060764
          ],
          [
            29.3235041,
            40.906131
          ],
          [
            29.3233868,
            40.9062155
          ],
          [
            29.3233109,
            40.9063
          ]
        ]
      },
      "properties": {
        "id": 1137264551,
        "type": "way",
        "aeroway": "taxiway",
        "ref": "",
        "name": "",
        "surface": "concrete",
        "width": "",
        "length": "",
        "tags": {
          "aeroway": "taxiway",
          "surface": "concrete"
        }
      }
    },
    {
      "type": "Feature",
      "geometry": {
        "type": "LineString",
        "coordinates": [
          [
            29.323116,
            40.905758
          ],
          [
            29.323184,
            40.9057997
          ],
          [
            29.3232478,
            40.9058473
          ],
          [
            29.3233081,
            40.9059072
          ],
          [
            29.3233698,
            40.906025
          ],
          [
            29.3233704,
            40.9061193
          ],
          [
            29.3233109,
            40.9063
          ]
        ]
      },
      "properties": {
        "id": 1137264552,
        "type": "way",
        "aeroway": "taxiway",
        "ref": "",
        "name": "",
        "surface": "",
        "width": "",
        "length": "",
        "tags": {
          "aeroway": "taxiway"
        }
      }
    },
    {
      "type": "Feature",
      "geometry": {
        "type": "LineString",
        "coordinates": [
          [
            29.3016914,
            40.8941162
          ],
          [
            29.3022738,
            40.8931727
          ]
        ]
      },
      "properties": {
        "id": 1137264553,
        "type": "way",
        "aeroway": "parking_position",
        "ref": "114",
        "name": "",
        "surface": "",
        "width": "",
        "length": "",
        "tags": {
          "aeroway": "parking_position",
          "ref": "114"
        }
      }
    },
    {
      "type": "Feature",
      "geometry": {
        "type": "LineString",
        "coordinates": [
          [
            29.302365,
            40.8943692
          ],
          [
            29.3025185,
            40.8941112
          ],
          [
            29.3029535,
            40.8933906
          ]
        ]
      },
      "properties": {
        "id": 1137264554,
        "type": "way",
        "aeroway": "parking_position",
        "ref": "113",
        "name": "",
        "surface": "",
        "width": "",
        "length": "",
        "tags": {
          "aeroway": "parking_position",
          "ref": "113"
        }
      }
    },
    {
      "type": "Feature",
      "geometry": {
        "type": "LineString",
        "coordinates": [
          [
            29.3031658,
            40.8945904
          ],
          [
            29.3032772,
            40.8944146
          ],
          [
            29.3037637,
            40.8936475
          ]
        ]
      },
      "properties": {
        "id": 1137264555,
        "type": "way",
        "aeroway": "parking_position",
        "ref": "112",
        "name": "",
        "surface": "",
        "width": "",
        "length": "",
        "tags": {
          "aeroway": "parking_position",
          "ref": "112"
        }
      }
    },
    {
      "type": "Feature",
      "geometry": {
        "type": "LineString",
        "coordinates": [
          [
            29.303839,
            40.8949078
          ],
          [
            29.3043039,
            40.8941476
          ]
        ]
      },
      "properties": {
        "id": 1137264556,
        "type": "way",
        "aeroway": "parking_position",
        "ref": "111",
        "name": "",
        "surface": "",
        "width": "",
        "length": "",
        "tags": {
          "aeroway": "parking_position",
          "ref": "111"
        }
      }
    },
    {
      "type": "Feature",
      "geometry": {
        "type": "LineString",
        "coordinates": [
          [
            29.3044732,
            40.8951394
          ],
          [
            29.3049108,
            40.8944343
          ]
        ]
      },
      "properties": {
        "id": 1137264557,
        "type": "way",
        "aeroway": "parking_position",
        "ref": "110",
        "name": "",
        "surface": "",
        "width": "",
        "length": "",
        "tags": {
          "aeroway": "parking_position",
          "ref": "110"
        }
      }
    },
    {
      "type": "Feature",
      "geometry": {
        "type": "LineString",
        "coordinates": [
          [
            29.3055784,
            40.8946431
          ],
          [
            29.3051224,
            40.8953809
          ]
        ]
      },
      "properties": {
        "id": 1137264558,
        "type": "way",
        "aeroway": "parking_position",
        "ref": "109",
        "name": "",
        "surface": "",
        "width": "",
        "length": "",
        "tags": {
          "aeroway": "parking_position",
          "ref": "109"
        }
      }
    },
    {
      "type": "Feature",
      "geometry": {
        "type": "LineString",
        "coordinates": [
          [
            29.3062339,
            40.8948518
          ],
          [
            29.3057676,
            40.895621
          ]
        ]
      },
      "properties": {
        "id": 1137264559,
        "type": "way",
        "aeroway": "parking_position",
        "ref": "108",
        "name": "",
        "surface": "",
        "width": "",
        "length": "",
        "tags": {
          "aeroway": "parking_position",
          "ref": "108"
        }
      }
    },
    {
      "type": "Feature",
      "geometry": {
        "type": "LineString",
        "coordinates": [
          [
            29.3068893,
            40.8950881
          ],
          [
            29.3064045,
            40.8958579
          ]
        ]
      },
      "properties": {
        "id": 1137264560,
        "type": "way",
        "aeroway": "parking_position",
        "ref": "107",
        "name": "",
        "surface": "",
        "width": "",
        "length": "",
        "tags": {
          "aeroway": "parking_position",
          "ref": "107"
        }
      }
    },
    {
      "type": "Feature",
      "geometry": {
        "type": "LineString",
        "coordinates": [
          [
            29.3075418,
            40.8953267
          ],
          [
            29.307056,
            40.8961002
          ]
        ]
      },
      "properties": {
        "id": 1137264561,
        "type": "way",
        "aeroway": "parking_position",
        "ref": "106",
        "name": "",
        "surface": "",
        "width": "",
        "length": "",
        "tags": {
          "aeroway": "parking_position",
          "ref": "106"
        }
      }
    },
    {
      "type": "Feature",
      "geometry": {
        "type": "LineString",
        "coordinates": [
          [
            29.308531,
            40.8954024
          ],
          [
            29.3078998,
            40.8964092
          ]
        ]
      },
      "properties": {
        "id": 1137264562,
        "type": "way",
        "aeroway": "parking_position",
        "ref": "105",
        "name": "",
        "surface": "",
        "width": "",
        "length": "",
        "tags": {
          "aeroway": "parking_position",
          "ref": "105"
        }
      }
    },
    {
      "type": "Feature",
      "geometry": {
        "type": "LineString",
        "coordinates": [
          [
            29.3093109,
            40.895712
          ],
          [
            29.3086809,
            40.8966899
          ]
        ]
      },
      "properties": {
        "id": 1137264563,
        "type": "way",
        "aeroway": "parking_position",
        "ref": "104",
        "name": "",
        "surface": "",
        "width": "",
        "length": "",
        "tags": {
          "aeroway": "parking_position",
          "ref": "104"
        }
      }
    },
    {
      "type": "Feature",
      "geometry": {
        "type": "LineString",
        "coordinates": [
          [
            29.3100939,
            40.8959896
          ],
          [
            29.3094739,
            40.8969749
          ]
        ]
      },
      "properties": {
        "id": 1137264564,
        "type": "way",
        "aeroway": "parking_position",
        "ref": "103",
        "name": "",
        "surface": "",
        "width": "",
        "length": "",
        "tags": {
          "aeroway": "parking_position",
          "ref": "103"
        }
      }
    },
    {
      "type": "Feature",
      "geometry": {
        "type": "LineString",
        "coordinates": [
          [
            29.3132236,
            40.9021184
          ],
          [
            29.3133634,
            40.902104
          ],
          [
            29.3135029,
            40.9020675
          ],
          [
            29.3136062,
            40.9020057
          ],
          [
            29.3136692,
            40.9019468
          ],
          [
            29.3137189,
            40.9018597
          ],
          [
            29.313743,
            40.9017604
          ],
          [
            29.3137363,
            40.9016671
          ],
          [
            29.3137027,
            40.901587
          ]
        ]
      },
      "properties": {
        "id": 1186878722,
        "type": "way",
        "aeroway": "taxiway",
        "ref": "",
        "name": "",
        "surface": "concrete",
        "width": "",
        "length": "",
        "tags": {
          "aeroway": "taxiway",
          "surface": "concrete"
        }
      }
    },
    {
      "type": "Feature",
      "geometry": {
        "type": "LineString",
        "coordinates": [
          [
            29.3059069,
            40.8973192
          ],
          [
            29.3060853,
            40.8973731
          ],
          [
            29.3062623,
            40.8973832
          ],
          [
            29.306383,
            40.8973812
          ],
          [
            29.306556,
            40.8973478
          ],
          [
            29.3067276,
            40.897294
          ],
          [
            29.3068376,
            40.8972332
          ],
          [
            29.306906,
            40.8971856
          ],
          [
            29.3070075,
            40.8970709
          ],
          [
            29.3069704,
            40.897215
          ],
          [
            29.3069637,
            40.8973224
          ],
          [
            29.3069677,
            40.8974157
          ],
          [
            29.3070146,
            40.8975302
          ],
          [
            29.3070602,
            40.8976042
          ],
          [
            29.3071581,
            40.8977117
          ],
          [
            29.3072627,
            40.8977918
          ],
          [
            29.3073942,
            40.8978607
          ],
          [
            29.3080405,
            40.8981051
          ]
        ]
      },
      "properties": {
        "id": 1186878723,
        "type": "way",
        "aeroway": "taxiway",
        "ref": "",
        "name": "",
        "surface": "",
        "width": "",
        "length": "",
        "tags": {
          "aeroway": "taxiway"
        }
      }
    },
    {
      "type": "Feature",
      "geometry": {
        "type": "LineString",
        "coordinates": [
          [
            29.3065968,
            40.897712
          ],
          [
            29.3065788,
            40.897662
          ],
          [
            29.3065453,
            40.8976042
          ],
          [
            29.306501,
            40.8975647
          ],
          [
            29.3063846,
            40.8974952
          ]
        ]
      },
      "properties": {
        "id": 1186878724,
        "type": "way",
        "aeroway": "taxiway",
        "ref": "",
        "name": "",
        "surface": "",
        "width": "",
        "length": "",
        "tags": {
          "aeroway": "taxiway"
        }
      }
    },
    {
      "type": "Feature",
      "geometry": {
        "type": "LineString",
        "coordinates": [
          [
            29.3014071,
            40.8956571
          ],
          [
            29.3015442,
            40.8956791
          ],
          [
            29.3016985,
            40.8956791
          ],
          [
            29.3018098,
            40.8956609
          ],
          [
            29.301897,
            40.8956386
          ],
          [
            29.3019654,
            40.8956132
          ],
          [
            29.302019,
            40.8955915
          ],
          [
            29.3020954,
            40.8955585
          ],
          [
            29.3021645,
            40.8955159
          ],
          [
            29.3022175,
            40.8954764
          ],
          [
            29.3023271,
            40.8953734
          ],
          [
            29.3022946,
            40.8954506
          ],
          [
            29.3022792,
            40.8955271
          ],
          [
            29.3022738,
            40.8955935
          ],
          [
            29.3022778,
            40.8956589
          ],
          [
            29.3022919,
            40.8957319
          ],
          [
            29.3023154,
            40.8957968
          ],
          [
            29.3023744,
            40.89589
          ],
          [
            29.3024388,
            40.8959671
          ],
          [
            29.3025139,
            40.8960471
          ],
          [
            29.3025796,
            40.8960948
          ],
          [
            29.3026972,
            40.896156
          ]
        ]
      },
      "properties": {
        "id": 1186878725,
        "type": "way",
        "aeroway": "taxiway",
        "ref": "",
        "name": "",
        "surface": "",
        "width": "",
        "length": "",
        "tags": {
          "aeroway": "taxiway"
        }
      }
    },
    {
      "type": "Feature",
      "geometry": {
        "type": "LineString",
        "coordinates": [
          [
            29.299606,
            40.8975149
          ],
          [
            29.2997619,
            40.8974045
          ],
          [
            29.2998505,
            40.8973741
          ],
          [
            29.2999497,
            40.8973488
          ],
          [
            29.3000771,
            40.8973336
          ],
          [
            29.3002367,
            40.8973538
          ],
          [
            29.3004051,
            40.8973932
          ]
        ]
      },
      "properties": {
        "id": 1186878726,
        "type": "way",
        "aeroway": "taxiway",
        "ref": "N",
        "name": "",
        "surface": "",
        "width": "",
        "length": "",
        "tags": {
          "aeroway": "taxiway",
          "ref": "N"
        }
      }
    },
    {
      "type": "Feature",
      "geometry": {
        "type": "LineString",
        "coordinates": [
          [
            29.2996442,
            40.8963778
          ],
          [
            29.2995561,
            40.8963984
          ],
          [
            29.2994937,
            40.8964192
          ],
          [
            29.2994253,
            40.8964547
          ],
          [
            29.2993683,
            40.8964942
          ],
          [
            29.2993261,
            40.8965358
          ],
          [
            29.2992765,
            40.8966057
          ],
          [
            29.2992496,
            40.8966949
          ],
          [
            29.2992523,
            40.8967841
          ],
          [
            29.2992684,
            40.8968531
          ],
          [
            29.2992919,
            40.8969002
          ],
          [
            29.2993274,
            40.8969423
          ],
          [
            29.2994383,
            40.8970341
          ]
        ]
      },
      "properties": {
        "id": 1186878727,
        "type": "way",
        "aeroway": "taxiway",
        "ref": "",
        "name": "",
        "surface": "",
        "width": "",
        "length": "",
        "tags": {
          "aeroway": "taxiway"
        }
      }
    },
    {
      "type": "Feature",
      "geometry": {
        "type": "LineString",
        "coordinates": [
          [
            29.3101002,
            40.9009728
          ],
          [
            29.3102164,
            40.9010106
          ],
          [
            29.3100777,
            40.9008937
          ],
          [
            29.3099678,
            40.9007497
          ],
          [
            29.3099222,
            40.9006402
          ],
          [
            29.309898,
            40.9005287
          ],
          [
            29.3099061,
            40.900399
          ],
          [
            29.3099266,
            40.9002861
          ]
        ]
      },
      "properties": {
        "id": 1186878728,
        "type": "way",
        "aeroway": "taxiway",
        "ref": "",
        "name": "",
        "surface": "",
        "width": "",
        "length": "",
        "tags": {
          "aeroway": "taxiway"
        }
      }
    },
    {
      "type": "Feature",
      "geometry": {
        "type": "LineString",
        "coordinates": [
          [
            29.3099266,
            40.9002861
          ],
          [
            29.3097559,
            40.9004274
          ],
          [
            29.3095654,
            40.9005186
          ],
          [
            29.3093723,
            40.9005673
          ],
          [
            29.3092006,
            40.9005754
          ],
          [
            29.3090826,
            40.9005673
          ],
          [
            29.3088551,
            40.9005097
          ],
          [
            29.3090799,
            40.9006443
          ],
          [
            29.3092194,
            40.900768
          ],
          [
            29.3093079,
            40.9009565
          ],
          [
            29.3093213,
            40.9011187
          ],
          [
            29.309298,
            40.9012869
          ],
          [
            29.3092659,
            40.901338
          ]
        ]
      },
      "properties": {
        "id": 1186878729,
        "type": "way",
        "aeroway": "taxiway",
        "ref": "",
        "name": "",
        "surface": "",
        "width": "",
        "length": "",
        "tags": {
          "aeroway": "taxiway"
        }
      }
    },
    {
      "type": "Feature",
      "geometry": {
        "type": "LineString",
        "coordinates": [
          [
            29.3149945,
            40.9031693
          ],
          [
            29.3150653,
            40.903108
          ],
          [
            29.3151337,
            40.9030608
          ],
          [
            29.3152061,
            40.9030254
          ],
          [
            29.3152812,
            40.903
          ],
          [
            29.3153587,
            40.9029884
          ],
          [
            29.3154314,
            40.9029838
          ],
          [
            29.315595,
            40.9029803
          ]
        ]
      },
      "properties": {
        "id": 1186878730,
        "type": "way",
        "aeroway": "taxiway",
        "ref": "",
        "name": "",
        "surface": "",
        "width": "",
        "length": "",
        "tags": {
          "aeroway": "taxiway"
        }
      }
    },
    {
      "type": "Feature",
      "geometry": {
        "type": "LineString",
        "coordinates": [
          [
            29.3100065,
            40.8988292
          ],
          [
            29.3100884,
            40.8988947
          ],
          [
            29.310177,
            40.8989656
          ],
          [
            29.3102547,
            40.8990467
          ],
          [
            29.3103245,
            40.8991278
          ],
          [
            29.3103808,
            40.8992758
          ],
          [
            29.3104023,
            40.8993752
          ],
          [
            29.3103915,
            40.8994725
          ],
          [
            29.3103669,
            40.8995963
          ],
          [
            29.3104586,
            40.8995156
          ],
          [
            29.310531,
            40.8994583
          ],
          [
            29.3106128,
            40.8994132
          ],
          [
            29.3106806,
            40.8993818
          ],
          [
            29.3107617,
            40.8993508
          ],
          [
            29.3108945,
            40.8993235
          ],
          [
            29.3110011,
            40.8993128
          ],
          [
            29.3111275,
            40.899308
          ],
          [
            29.3112393,
            40.8992833
          ]
        ]
      },
      "properties": {
        "id": 1186878731,
        "type": "way",
        "aeroway": "taxiway",
        "ref": "",
        "name": "",
        "surface": "",
        "width": "",
        "length": "",
        "tags": {
          "aeroway": "taxiway"
        }
      }
    },
    {
      "type": "Feature",
      "geometry": {
        "type": "LineString",
        "coordinates": [
          [
            29.304697,
            40.8982237
          ],
          [
            29.3045229,
            40.8982824
          ],
          [
            29.3043861,
            40.8983797
          ],
          [
            29.3043324,
            40.8984689
          ],
          [
            29.3043056,
            40.8985602
          ],
          [
            29.3043163,
            40.8986656
          ],
          [
            29.3043646,
            40.8987751
          ],
          [
            29.3044156,
            40.8988359
          ],
          [
            29.3044884,
            40.8989043
          ]
        ]
      },
      "properties": {
        "id": 1186878732,
        "type": "way",
        "aeroway": "taxiway",
        "ref": "",
        "name": "",
        "surface": "",
        "width": "",
        "length": "",
        "tags": {
          "aeroway": "taxiway"
        }
      }
    },
    {
      "type": "Feature",
      "geometry": {
        "type": "LineString",
        "coordinates": [
          [
            29.3035898,
            40.8985779
          ],
          [
            29.3034929,
            40.8985683
          ],
          [
            29.3033829,
            40.8985581
          ],
          [
            29.3032864,
            40.8985662
          ],
          [
            29.3031925,
            40.898589
          ],
          [
            29.3031254,
            40.898619
          ],
          [
            29.3029454,
            40.8987262
          ],
          [
            29.3029565,
            40.8985865
          ],
          [
            29.3029055,
            40.8984608
          ],
          [
            29.3028492,
            40.8983757
          ],
          [
            29.3027335,
            40.8982626
          ]
        ]
      },
      "properties": {
        "id": 1186878733,
        "type": "way",
        "aeroway": "taxiway",
        "ref": "P",
        "name": "",
        "surface": "",
        "width": "",
        "length": "",
        "tags": {
          "aeroway": "taxiway",
          "ref": "P"
        }
      }
    },
    {
      "type": "Feature",
      "geometry": {
        "type": "LineString",
        "coordinates": [
          [
            29.3059767,
            40.8981552
          ],
          [
            29.3061858,
            40.8980797
          ],
          [
            29.306379,
            40.8979702
          ],
          [
            29.3065131,
            40.8978303
          ],
          [
            29.3065968,
            40.897712
          ],
          [
            29.3066747,
            40.897602
          ],
          [
            29.3066797,
            40.8975949
          ]
        ]
      },
      "properties": {
        "id": 1186878734,
        "type": "way",
        "aeroway": "taxiway",
        "ref": "",
        "name": "",
        "surface": "",
        "width": "",
        "length": "",
        "tags": {
          "aeroway": "taxiway"
        }
      }
    },
    {
      "type": "Feature",
      "geometry": {
        "type": "LineString",
        "coordinates": [
          [
            29.300977,
            40.8963057
          ],
          [
            29.301492,
            40.8962885
          ],
          [
            29.3018876,
            40.8962966
          ],
          [
            29.3021357,
            40.8963097
          ],
          [
            29.3023677,
            40.8963321
          ],
          [
            29.3028451,
            40.8963928
          ],
          [
            29.3033534,
            40.8964891
          ],
          [
            29.3035452,
            40.8965328
          ],
          [
            29.3039529,
            40.8966513
          ],
          [
            29.3044013,
            40.8967789
          ]
        ]
      },
      "properties": {
        "id": 1186878735,
        "type": "way",
        "aeroway": "taxiway",
        "ref": "",
        "name": "",
        "surface": "",
        "width": "",
        "length": "",
        "tags": {
          "aeroway": "taxiway"
        }
      }
    },
    {
      "type": "Feature",
      "geometry": {
        "type": "LineString",
        "coordinates": [
          [
            29.3233828,
            40.8960492
          ],
          [
            29.3234405,
            40.8959711
          ],
          [
            29.3234821,
            40.8958748
          ],
          [
            29.3234874,
            40.8958008
          ],
          [
            29.3234812,
            40.8957631
          ],
          [
            29.3234713,
            40.8957025
          ],
          [
            29.3234526,
            40.8956224
          ],
          [
            29.3234579,
            40.8955433
          ],
          [
            29.3234767,
            40.8954703
          ],
          [
            29.3235062,
            40.8953983
          ],
          [
            29.323529,
            40.8953588
          ]
        ]
      },
      "properties": {
        "id": 1308261659,
        "type": "way",
        "aeroway": "taxiway",
        "ref": "",
        "name": "",
        "surface": "",
        "width": "",
        "length": "",
        "tags": {
          "aeroway": "taxiway"
        }
      }
    },
    {
      "type": "Feature",
      "geometry": {
        "type": "LineString",
        "coordinates": [
          [
            29.3228462,
            40.896898
          ],
          [
            29.3224693,
            40.8974835
          ],
          [
            29.3215073,
            40.898978
          ],
          [
            29.3211069,
            40.8996001
          ]
        ]
      },
      "properties": {
        "id": 1308261660,
        "type": "way",
        "aeroway": "taxiway",
        "ref": "M2",
        "name": "",
        "surface": "",
        "width": "",
        "length": "",
        "tags": {
          "aeroway": "taxiway",
          "ref": "M2"
        }
      }
    },
    {
      "type": "Feature",
      "geometry": {
        "type": "LineString",
        "coordinates": [
          [
            29.323639,
            40.8952027
          ],
          [
            29.3237235,
            40.8951115
          ],
          [
            29.323808,
            40.8950506
          ],
          [
            29.3239112,
            40.895007
          ],
          [
            29.3241285,
            40.8949726
          ],
          [
            29.3242103,
            40.8949716
          ],
          [
            29.3242988,
            40.8949787
          ],
          [
            29.3243513,
            40.8949825
          ]
        ]
      },
      "properties": {
        "id": 1308261661,
        "type": "way",
        "aeroway": "taxiway",
        "ref": "",
        "name": "",
        "surface": "",
        "width": "",
        "length": "",
        "tags": {
          "aeroway": "taxiway"
        }
      }
    },
    {
      "type": "Feature",
      "geometry": {
        "type": "LineString",
        "coordinates": [
          [
            29.3243513,
            40.8949825
          ],
          [
            29.3244879,
            40.8949959
          ],
          [
            29.3246233,
            40.8949939
          ],
          [
            29.3246931,
            40.8949827
          ],
          [
            29.3247615,
            40.8949634
          ],
          [
            29.3248359,
            40.8949285
          ],
          [
            29.3248942,
            40.8948915
          ],
          [
            29.324968,
            40.8948094
          ],
          [
            29.3250136,
            40.8947404
          ],
          [
            29.3250324,
            40.8946654
          ],
          [
            29.3250324,
            40.8945884
          ],
          [
            29.3250199,
            40.8945271
          ]
        ]
      },
      "properties": {
        "id": 1308261662,
        "type": "way",
        "aeroway": "taxiway",
        "ref": "",
        "name": "",
        "surface": "",
        "width": "",
        "length": "",
        "tags": {
          "aeroway": "taxiway"
        }
      }
    },
    {
      "type": "Feature",
      "geometry": {
        "type": "LineString",
        "coordinates": [
          [
            29.3201575,
            40.8992505
          ],
          [
            29.3201802,
            40.8992151
          ],
          [
            29.3202666,
            40.8990801
          ],
          [
            29.3203121,
            40.8990091
          ],
          [
            29.3204003,
            40.8988713
          ],
          [
            29.3204449,
            40.8988017
          ],
          [
            29.3205416,
            40.8986506
          ],
          [
            29.3206384,
            40.8984995
          ],
          [
            29.3207483,
            40.8983278
          ],
          [
            29.320778,
            40.8982814
          ],
          [
            29.3208669,
            40.8981426
          ],
          [
            29.3209937,
            40.8979446
          ],
          [
            29.3210683,
            40.8978282
          ],
          [
            29.3211662,
            40.8976753
          ],
          [
            29.321197,
            40.8976272
          ],
          [
            29.3213031,
            40.8974616
          ],
          [
            29.3213305,
            40.8974187
          ],
          [
            29.3214302,
            40.8972631
          ],
          [
            29.3215347,
            40.8970999
          ],
          [
            29.3216488,
            40.8969216
          ],
          [
            29.3217563,
            40.8967538
          ],
          [
            29.3218839,
            40.8965546
          ],
          [
            29.3219015,
            40.8965271
          ]
        ]
      },
      "properties": {
        "id": 1308261663,
        "type": "way",
        "aeroway": "taxiway",
        "ref": "M1",
        "name": "",
        "surface": "",
        "width": "",
        "length": "",
        "tags": {
          "aeroway": "taxiway",
          "ref": "M1"
        }
      }
    },
    {
      "type": "Feature",
      "geometry": {
        "type": "LineString",
        "coordinates": [
          [
            29.322882,
            40.8955076
          ],
          [
            29.3229932,
            40.8955251
          ],
          [
            29.3230972,
            40.8955291
          ],
          [
            29.3231796,
            40.895521
          ],
          [
            29.3232581,
            40.8955043
          ],
          [
            29.3233278,
            40.8954845
          ],
          [
            29.323407,
            40.8954501
          ],
          [
            29.323529,
            40.8953588
          ],
          [
            29.323639,
            40.8952027
          ],
          [
            29.3236899,
            40.8950587
          ],
          [
            29.3236966,
            40.8949847
          ],
          [
            29.3236899,
            40.8949188
          ],
          [
            29.3236678,
            40.8948606
          ],
          [
            29.3236336,
            40.8948053
          ],
          [
            29.3235746,
            40.8947526
          ],
          [
            29.3234233,
            40.8946406
          ]
        ]
      },
      "properties": {
        "id": 1308261664,
        "type": "way",
        "aeroway": "taxiway",
        "ref": "B8",
        "name": "",
        "surface": "concrete",
        "width": "",
        "length": "",
        "tags": {
          "aeroway": "taxiway",
          "ref": "B8",
          "surface": "concrete"
        }
      }
    },
    {
      "type": "Feature",
      "geometry": {
        "type": "LineString",
        "coordinates": [
          [
            29.3162845,
            40.8920103
          ],
          [
            29.3161342,
            40.8919231
          ],
          [
            29.3160577,
            40.8918572
          ],
          [
            29.3160108,
            40.8917771
          ],
          [
            29.3159866,
            40.8917031
          ],
          [
            29.3159772,
            40.891622
          ],
          [
            29.3159893,
            40.8915531
          ],
          [
            29.3160161,
            40.8914912
          ],
          [
            29.3160698,
            40.8914294
          ],
          [
            29.3161315,
            40.8913787
          ],
          [
            29.3162066,
            40.8913382
          ],
          [
            29.3162817,
            40.8913057
          ],
          [
            29.316397,
            40.8912854
          ],
          [
            29.3164855,
            40.8912692
          ]
        ]
      },
      "properties": {
        "id": 1308261665,
        "type": "way",
        "aeroway": "taxiway",
        "ref": "",
        "name": "",
        "surface": "",
        "width": "",
        "length": "",
        "tags": {
          "aeroway": "taxiway"
        }
      }
    },
    {
      "type": "Feature",
      "geometry": {
        "type": "LineString",
        "coordinates": [
          [
            29.3140943,
            40.8912034
          ],
          [
            29.3142191,
            40.8912783
          ],
          [
            29.3142834,
            40.8913371
          ],
          [
            29.3143384,
            40.891403
          ],
          [
            29.3143693,
            40.8914679
          ],
          [
            29.3143907,
            40.8915429
          ],
          [
            29.314388,
            40.8916322
          ],
          [
            29.3143626,
            40.8917325
          ],
          [
            29.3144484,
            40.891655
          ],
          [
            29.3145275,
            40.8916119
          ],
          [
            29.3145999,
            40.891581
          ],
          [
            29.3146858,
            40.8915526
          ],
          [
            29.3147703,
            40.8915374
          ],
          [
            29.3148581,
            40.8915323
          ],
          [
            29.3149386,
            40.8915374
          ],
          [
            29.3150715,
            40.8915634
          ]
        ]
      },
      "properties": {
        "id": 1308261666,
        "type": "way",
        "aeroway": "taxiway",
        "ref": "",
        "name": "",
        "surface": "",
        "width": "",
        "length": "",
        "tags": {
          "aeroway": "taxiway"
        }
      }
    },
    {
      "type": "Feature",
      "geometry": {
        "type": "LineString",
        "coordinates": [
          [
            29.3146996,
            40.8914264
          ],
          [
            29.3146804,
            40.8914335
          ],
          [
            29.3145986,
            40.8914831
          ],
          [
            29.3145329,
            40.8915257
          ],
          [
            29.3144578,
            40.8915987
          ],
          [
            29.3143626,
            40.8917325
          ],
          [
            29.3142217,
            40.8919535
          ],
          [
            29.3141963,
            40.8920073
          ],
          [
            29.3141869,
            40.8920671
          ],
          [
            29.3141936,
            40.892131
          ],
          [
            29.3142056,
            40.8921806
          ],
          [
            29.3142754,
            40.892282
          ],
          [
            29.314329,
            40.8923347
          ],
          [
            29.3144062,
            40.8923864
          ]
        ]
      },
      "properties": {
        "id": 1308261667,
        "type": "way",
        "aeroway": "taxiway",
        "ref": "B6",
        "name": "",
        "surface": "concrete",
        "width": "",
        "length": "",
        "tags": {
          "aeroway": "taxiway",
          "ref": "B6",
          "surface": "concrete"
        }
      }
    },
    {
      "type": "Feature",
      "geometry": {
        "type": "LineString",
        "coordinates": [
          [
            29.3381326,
            40.8996128
          ],
          [
            29.3380451,
            40.8996894
          ],
          [
            29.3379566,
            40.8997411
          ],
          [
            29.337844,
            40.8997857
          ],
          [
            29.3377125,
            40.899804
          ],
          [
            29.3376026,
            40.899809
          ],
          [
            29.3374711,
            40.8997898
          ],
          [
            29.3373423,
            40.8997687
          ]
        ]
      },
      "properties": {
        "id": 1308261668,
        "type": "way",
        "aeroway": "taxiway",
        "ref": "",
        "name": "",
        "surface": "",
        "width": "",
        "length": "",
        "tags": {
          "aeroway": "taxiway"
        }
      }
    },
    {
      "type": "Feature",
      "geometry": {
        "type": "LineString",
        "coordinates": [
          [
            29.3294745,
            40.8947424
          ],
          [
            29.3304116,
            40.8951175
          ],
          [
            29.3308809,
            40.8953223
          ],
          [
            29.3312779,
            40.8955433
          ],
          [
            29.331632,
            40.8957542
          ],
          [
            29.3319082,
            40.8959407
          ],
          [
            29.3323562,
            40.8963117
          ],
          [
            29.3325895,
            40.8965388
          ],
          [
            29.3329476,
            40.8969366
          ],
          [
            29.3330348,
            40.8970335
          ],
          [
            29.33359,
            40.8976722
          ],
          [
            29.3339869,
            40.898102
          ],
          [
            29.3341345,
            40.8982702
          ],
          [
            29.3343517,
            40.898471
          ],
          [
            29.3345609,
            40.8986291
          ],
          [
            29.3347245,
            40.8987398
          ],
          [
            29.3349498,
            40.8988562
          ],
          [
            29.3351403,
            40.8989413
          ],
          [
            29.335287,
            40.8990115
          ]
        ]
      },
      "properties": {
        "id": 1308261669,
        "type": "way",
        "aeroway": "taxiway",
        "ref": "A9",
        "name": "",
        "surface": "concrete",
        "width": "",
        "length": "",
        "tags": {
          "aeroway": "taxiway",
          "ref": "A9",
          "surface": "concrete"
        }
      }
    },
    {
      "type": "Feature",
      "geometry": {
        "type": "LineString",
        "coordinates": [
          [
            29.3011838,
            40.8864424
          ],
          [
            29.301331,
            40.8864686
          ],
          [
            29.3014638,
            40.8864636
          ],
          [
            29.3015912,
            40.8864382
          ],
          [
            29.301673,
            40.8864027
          ],
          [
            29.3017642,
            40.886345
          ],
          [
            29.3018347,
            40.8862926
          ]
        ]
      },
      "properties": {
        "id": 1308268260,
        "type": "way",
        "aeroway": "taxiway",
        "ref": "",
        "name": "",
        "surface": "",
        "width": "",
        "length": "",
        "tags": {
          "aeroway": "taxiway"
        }
      }
    },
    {
      "type": "Feature",
      "geometry": {
        "type": "LineString",
        "coordinates": [
          [
            29.3034808,
            40.8855886
          ],
          [
            29.303505,
            40.8854669
          ],
          [
            29.3034956,
            40.8853736
          ],
          [
            29.30345,
            40.8852662
          ],
          [
            29.3033856,
            40.8851982
          ],
          [
            29.30334,
            40.8851551
          ],
          [
            29.3032803,
            40.8851166
          ],
          [
            29.3032475,
            40.8850984
          ],
          [
            29.3032046,
            40.8850775
          ],
          [
            29.3031503,
            40.8850649
          ],
          [
            29.303102,
            40.8850603
          ],
          [
            29.3030188,
            40.8850573
          ],
          [
            29.302882,
            40.8850593
          ],
          [
            29.3027982,
            40.8850806
          ],
          [
            29.3027379,
            40.8850979
          ],
          [
            29.3026225,
            40.8851536
          ],
          [
            29.3025568,
            40.8851942
          ],
          [
            29.3024608,
            40.8853054
          ]
        ]
      },
      "properties": {
        "id": 1308268261,
        "type": "way",
        "aeroway": "taxiway",
        "ref": "",
        "name": "",
        "surface": "",
        "width": "",
        "length": "",
        "tags": {
          "aeroway": "taxiway"
        }
      }
    },
    {
      "type": "Feature",
      "geometry": {
        "type": "LineString",
        "coordinates": [
          [
            29.3028304,
            40.8866005
          ],
          [
            29.3027996,
            40.8867059
          ],
          [
            29.3027928,
            40.8867647
          ],
          [
            29.3027928,
            40.8868174
          ],
          [
            29.3028224,
            40.8869056
          ],
          [
            29.3028639,
            40.8869705
          ],
          [
            29.3029283,
            40.8870455
          ],
          [
            29.3030007,
            40.8870891
          ],
          [
            29.3031166,
            40.8871584
          ]
        ]
      },
      "properties": {
        "id": 1308268262,
        "type": "way",
        "aeroway": "taxiway",
        "ref": "",
        "name": "",
        "surface": "",
        "width": "",
        "length": "",
        "tags": {
          "aeroway": "taxiway"
        }
      }
    },
    {
      "type": "Feature",
      "geometry": {
        "type": "LineString",
        "coordinates": [
          [
            29.3048786,
            40.8856926
          ],
          [
            29.3041809,
            40.8854537
          ],
          [
            29.3040307,
            40.8854193
          ],
          [
            29.303906,
            40.8854101
          ],
          [
            29.3037745,
            40.8854233
          ],
          [
            29.3036807,
            40.8854578
          ],
          [
            29.3035506,
            40.8855217
          ],
          [
            29.3034808,
            40.8855886
          ],
          [
            29.3034406,
            40.8856433
          ],
          [
            29.3032082,
            40.8860078
          ],
          [
            29.3029569,
            40.886402
          ],
          [
            29.3028304,
            40.8866005
          ]
        ]
      },
      "properties": {
        "id": 1308268263,
        "type": "way",
        "aeroway": "taxiway",
        "ref": "A3",
        "name": "",
        "surface": "concrete",
        "width": "",
        "length": "",
        "tags": {
          "aeroway": "taxiway",
          "ref": "A3",
          "surface": "concrete"
        }
      }
    },
    {
      "type": "Feature",
      "geometry": {
        "type": "LineString",
        "coordinates": [
          [
            29.3077286,
            40.8888578
          ],
          [
            29.3076181,
            40.8887985
          ],
          [
            29.3075216,
            40.8887296
          ],
          [
            29.3074532,
            40.8886221
          ],
          [
            29.3074264,
            40.8885288
          ],
          [
            29.307425,
            40.8884579
          ],
          [
            29.3074478,
            40.8883727
          ],
          [
            29.3074813,
            40.8883088
          ],
          [
            29.3075457,
            40.8882399
          ],
          [
            29.3076383,
            40.888179
          ],
          [
            29.3077201,
            40.8881466
          ],
          [
            29.307846,
            40.8881253
          ]
        ]
      },
      "properties": {
        "id": 1308268264,
        "type": "way",
        "aeroway": "taxiway",
        "ref": "",
        "name": "",
        "surface": "",
        "width": "",
        "length": "",
        "tags": {
          "aeroway": "taxiway"
        }
      }
    },
    {
      "type": "Feature",
      "geometry": {
        "type": "LineString",
        "coordinates": [
          [
            29.3132116,
            40.8887572
          ],
          [
            29.3122771,
            40.8884376
          ],
          [
            29.3120626,
            40.8883686
          ],
          [
            29.3118305,
            40.8883058
          ],
          [
            29.3115529,
            40.8882409
          ],
          [
            29.3111949,
            40.8881709
          ],
          [
            29.3109454,
            40.8881284
          ],
          [
            29.3106195,
            40.8880858
          ],
          [
            29.3102065,
            40.8880523
          ],
          [
            29.3097371,
            40.8880412
          ],
          [
            29.3092757,
            40.8880371
          ],
          [
            29.3088291,
            40.8880646
          ],
          [
            29.3083531,
            40.8880939
          ],
          [
            29.307846,
            40.8881253
          ],
          [
            29.3075994,
            40.8881405
          ],
          [
            29.3070093,
            40.888173
          ],
          [
            29.3066257,
            40.8881851
          ],
          [
            29.3062797,
            40.888173
          ],
          [
            29.3060034,
            40.8881405
          ],
          [
            29.3057822,
            40.888104
          ],
          [
            29.3055622,
            40.8880472
          ],
          [
            29.3053535,
            40.8879827
          ]
        ]
      },
      "properties": {
        "id": 1308268265,
        "type": "way",
        "aeroway": "taxiway",
        "ref": "A4",
        "name": "",
        "surface": "concrete",
        "width": "",
        "length": "",
        "tags": {
          "aeroway": "taxiway",
          "ref": "A4",
          "surface": "concrete"
        }
      }
    },
    {
      "type": "Feature",
      "geometry": {
        "type": "LineString",
        "coordinates": [
          [
            29.3103191,
            40.8898123
          ],
          [
            29.3097772,
            40.8906513
          ]
        ]
      },
      "properties": {
        "id": 1308268266,
        "type": "way",
        "aeroway": "taxiway",
        "ref": "B5",
        "name": "",
        "surface": "concrete",
        "width": "",
        "length": "",
        "tags": {
          "aeroway": "taxiway",
          "ref": "B5",
          "surface": "concrete"
        }
      }
    },
    {
      "type": "Feature",
      "geometry": {
        "type": "LineString",
        "coordinates": [
          [
            29.3119868,
            40.8904268
          ],
          [
            29.3118212,
            40.8903264
          ],
          [
            29.3117246,
            40.8902088
          ],
          [
            29.3117005,
            40.8901155
          ],
          [
            29.3116951,
            40.8900263
          ],
          [
            29.3117273,
            40.8899391
          ],
          [
            29.3117595,
            40.8898945
          ],
          [
            29.3118185,
            40.8898235
          ],
          [
            29.3118963,
            40.8897688
          ],
          [
            29.311974,
            40.8897404
          ],
          [
            29.3120675,
            40.8897062
          ]
        ]
      },
      "properties": {
        "id": 1308268267,
        "type": "way",
        "aeroway": "taxiway",
        "ref": "",
        "name": "",
        "surface": "",
        "width": "",
        "length": "",
        "tags": {
          "aeroway": "taxiway"
        }
      }
    },
    {
      "type": "Feature",
      "geometry": {
        "type": "LineString",
        "coordinates": [
          [
            29.3205416,
            40.8986506
          ],
          [
            29.3205303,
            40.8987771
          ],
          [
            29.3205383,
            40.8988663
          ],
          [
            29.320592,
            40.8989535
          ],
          [
            29.3206429,
            40.8990143
          ],
          [
            29.3207073,
            40.899065
          ],
          [
            29.3208212,
            40.8991223
          ],
          [
            29.3209836,
            40.899211
          ],
          [
            29.3210587,
            40.899292
          ],
          [
            29.321107,
            40.8993995
          ],
          [
            29.3211123,
            40.8995069
          ],
          [
            29.3211069,
            40.8996001
          ]
        ]
      },
      "properties": {
        "id": 1308268268,
        "type": "way",
        "aeroway": "taxiway",
        "ref": "M3",
        "name": "",
        "surface": "",
        "width": "",
        "length": "",
        "tags": {
          "aeroway": "taxiway",
          "ref": "M3"
        }
      }
    },
    {
      "type": "Feature",
      "geometry": {
        "type": "LineString",
        "coordinates": [
          [
            29.3201575,
            40.8992505
          ],
          [
            29.3203077,
            40.8991501
          ],
          [
            29.3204418,
            40.8991035
          ],
          [
            29.3206,
            40.8990812
          ],
          [
            29.3207744,
            40.8991076
          ],
          [
            29.3208212,
            40.8991223
          ],
          [
            29.3209353,
            40.8991582
          ],
          [
            29.3210882,
            40.8991704
          ],
          [
            29.3212545,
            40.8991339
          ],
          [
            29.3213698,
            40.8990893
          ],
          [
            29.3214235,
            40.8990427
          ],
          [
            29.3215073,
            40.898978
          ]
        ]
      },
      "properties": {
        "id": 1308268269,
        "type": "way",
        "aeroway": "taxiway",
        "ref": "M3",
        "name": "",
        "surface": "",
        "width": "",
        "length": "",
        "tags": {
          "aeroway": "taxiway",
          "ref": "M3"
        }
      }
    },
    {
      "type": "Feature",
      "geometry": {
        "type": "LineString",
        "coordinates": [
          [
            29.3219015,
            40.8965271
          ],
          [
            29.3218741,
            40.8966523
          ],
          [
            29.3218955,
            40.8967598
          ],
          [
            29.3219599,
            40.8968571
          ],
          [
            29.3220296,
            40.8969159
          ],
          [
            29.3220887,
            40.8969484
          ],
          [
            29.3221799,
            40.8970011
          ],
          [
            29.3223059,
            40.8970558
          ],
          [
            29.322381,
            40.8971247
          ],
          [
            29.32244,
            40.8972099
          ],
          [
            29.3224856,
            40.8972991
          ],
          [
            29.3224829,
            40.8974086
          ],
          [
            29.3224693,
            40.8974835
          ]
        ]
      },
      "properties": {
        "id": 1308268270,
        "type": "way",
        "aeroway": "taxiway",
        "ref": "M4",
        "name": "",
        "surface": "",
        "width": "",
        "length": "",
        "tags": {
          "aeroway": "taxiway",
          "ref": "M4"
        }
      }
    },
    {
      "type": "Feature",
      "geometry": {
        "type": "LineString",
        "coordinates": [
          [
            29.3215347,
            40.8970999
          ],
          [
            29.3216863,
            40.8970092
          ],
          [
            29.3218312,
            40.8969646
          ],
          [
            29.3220028,
            40.8969605
          ],
          [
            29.3221799,
            40.8970011
          ],
          [
            29.3223327,
            40.8970376
          ],
          [
            29.3225151,
            40.8970396
          ],
          [
            29.3226814,
            40.8970011
          ],
          [
            29.3227833,
            40.8969443
          ],
          [
            29.3228462,
            40.896898
          ]
        ]
      },
      "properties": {
        "id": 1308268271,
        "type": "way",
        "aeroway": "taxiway",
        "ref": "M4",
        "name": "",
        "surface": "",
        "width": "",
        "length": "",
        "tags": {
          "aeroway": "taxiway",
          "ref": "M4"
        }
      }
    },
    {
      "type": "Feature",
      "geometry": {
        "type": "LineString",
        "coordinates": [
          [
            29.3195862,
            40.9001425
          ],
          [
            29.319495,
            40.9002246
          ],
          [
            29.3194346,
            40.9002621
          ],
          [
            29.3193367,
            40.9003057
          ],
          [
            29.3192576,
            40.900326
          ],
          [
            29.3191845,
            40.9003346
          ],
          [
            29.3191396,
            40.9003356
          ],
          [
            29.3190832,
            40.9003361
          ],
          [
            29.3189733,
            40.9003209
          ]
        ]
      },
      "properties": {
        "id": 1308268272,
        "type": "way",
        "aeroway": "taxiway",
        "ref": "",
        "name": "",
        "surface": "",
        "width": "",
        "length": "",
        "tags": {
          "aeroway": "taxiway"
        }
      }
    },
    {
      "type": "Feature",
      "geometry": {
        "type": "LineString",
        "coordinates": [
          [
            29.3122021,
            40.8978406
          ],
          [
            29.3123549,
            40.8978952
          ],
          [
            29.3155572,
            40.8990673
          ],
          [
            29.3159679,
            40.8992176
          ],
          [
            29.3163623,
            40.899362
          ],
          [
            29.3181378,
            40.9000118
          ],
          [
            29.3189733,
            40.9003209
          ],
          [
            29.3198477,
            40.9006443
          ]
        ]
      },
      "properties": {
        "id": 1308268273,
        "type": "way",
        "aeroway": "taxiway",
        "ref": "C",
        "name": "",
        "surface": "concrete",
        "width": "",
        "length": "",
        "tags": {
          "aeroway": "taxiway",
          "ref": "C",
          "surface": "concrete"
        }
      }
    },
    {
      "type": "Feature",
      "geometry": {
        "type": "LineString",
        "coordinates": [
          [
            29.2975658,
            40.8920265
          ],
          [
            29.2974821,
            40.8920985
          ],
          [
            29.2973962,
            40.8921593
          ],
          [
            29.2973278,
            40.8921877
          ],
          [
            29.2972621,
            40.892208
          ],
          [
            29.2971562,
            40.8922212
          ],
          [
            29.2970583,
            40.8922212
          ],
          [
            29.296944,
            40.8922085
          ]
        ]
      },
      "properties": {
        "id": 1308270666,
        "type": "way",
        "aeroway": "taxiway",
        "ref": "",
        "name": "",
        "surface": "",
        "width": "",
        "length": "",
        "tags": {
          "aeroway": "taxiway"
        }
      }
    },
    {
      "type": "Feature",
      "geometry": {
        "type": "LineString",
        "coordinates": [
          [
            29.2992906,
            40.889318
          ],
          [
            29.2993784,
            40.8892568
          ],
          [
            29.2994454,
            40.8892253
          ],
          [
            29.2995232,
            40.8892071
          ],
          [
            29.29966,
            40.8892112
          ],
          [
            29.299829,
            40.8892517
          ],
          [
            29.3011138,
            40.8897282
          ]
        ]
      },
      "properties": {
        "id": 1308270667,
        "type": "way",
        "aeroway": "taxiway",
        "ref": "",
        "name": "",
        "surface": "",
        "width": "",
        "length": "",
        "tags": {
          "aeroway": "taxiway"
        }
      }
    },
    {
      "type": "Feature",
      "geometry": {
        "type": "LineString",
        "coordinates": [
          [
            29.3194554,
            40.8938228
          ],
          [
            29.3194239,
            40.8939101
          ],
          [
            29.3194225,
            40.8940034
          ],
          [
            29.3194467,
            40.8940957
          ],
          [
            29.319503,
            40.8941889
          ],
          [
            29.3195942,
            40.8942781
          ],
          [
            29.3196462,
            40.8943076
          ],
          [
            29.3197215,
            40.8943503
          ]
        ]
      },
      "properties": {
        "id": 1308270668,
        "type": "way",
        "aeroway": "taxiway",
        "ref": "",
        "name": "",
        "surface": "",
        "width": "",
        "length": "",
        "tags": {
          "aeroway": "taxiway"
        }
      }
    },
    {
      "type": "Feature",
      "geometry": {
        "type": "LineString",
        "coordinates": [
          [
            29.3192504,
            40.8930958
          ],
          [
            29.319381,
            40.893164
          ],
          [
            29.3194775,
            40.893239
          ],
          [
            29.3195392,
            40.8933181
          ],
          [
            29.3195768,
            40.8934073
          ],
          [
            29.3195955,
            40.8935067
          ],
          [
            29.3195727,
            40.8936243
          ],
          [
            29.3195523,
            40.8936712
          ]
        ]
      },
      "properties": {
        "id": 1308270669,
        "type": "way",
        "aeroway": "taxiway",
        "ref": "",
        "name": "",
        "surface": "",
        "width": "",
        "length": "",
        "tags": {
          "aeroway": "taxiway"
        }
      }
    },
    {
      "type": "Feature",
      "geometry": {
        "type": "LineString",
        "coordinates": [
          [
            29.3028571,
            40.894546
          ],
          [
            29.3029149,
            40.8945473
          ],
          [
            29.3029833,
            40.8945427
          ],
          [
            29.3030597,
            40.8945285
          ],
          [
            29.3031442,
            40.8945002
          ],
          [
            29.3032059,
            40.8944667
          ],
          [
            29.3032772,
            40.8944146
          ]
        ]
      },
      "properties": {
        "id": 1308424850,
        "type": "way",
        "aeroway": "taxiway",
        "ref": "",
        "name": "",
        "surface": "",
        "width": "",
        "length": "",
        "tags": {
          "aeroway": "taxiway"
        }
      }
    },
    {
      "type": "Feature",
      "geometry": {
        "type": "LineString",
        "coordinates": [
          [
            29.302699,
            40.894783
          ],
          [
            29.3027124,
            40.8946837
          ],
          [
            29.302711,
            40.8946157
          ],
          [
            29.3026949,
            40.8945569
          ],
          [
            29.3026668,
            40.8945012
          ],
          [
            29.3026322,
            40.8944652
          ],
          [
            29.3025957,
            40.8944272
          ],
          [
            29.3025152,
            40.8943177
          ],
          [
            29.3025052,
            40.8942645
          ],
          [
            29.3025045,
            40.8942102
          ],
          [
            29.3025152,
            40.8941291
          ],
          [
            29.3025185,
            40.8941112
          ]
        ]
      },
      "properties": {
        "id": 1308424851,
        "type": "way",
        "aeroway": "taxiway",
        "ref": "",
        "name": "",
        "surface": "",
        "width": "",
        "length": "",
        "tags": {
          "aeroway": "taxiway"
        }
      }
    },
    {
      "type": "Feature",
      "geometry": {
        "type": "LineString",
        "coordinates": [
          [
            29.3066272,
            40.888452
          ],
          [
            29.3060492,
            40.8893083
          ]
        ]
      },
      "properties": {
        "id": 1320955232,
        "type": "way",
        "aeroway": "taxiway",
        "ref": "B4",
        "name": "",
        "surface": "concrete",
        "width": "",
        "length": "",
        "tags": {
          "aeroway": "taxiway",
          "ref": "B4",
          "surface": "concrete"
        }
      }
    },
    {
      "type": "Feature",
      "geometry": {
        "type": "Polygon",
        "coordinates": [
          [
            [
              29.3142351,
              40.8980411
            ],
            [
              29.3151654,
              40.8966
            ],
            [
              29.3167296,
              40.8941768
            ],
            [
              29.3130121,
              40.892867
            ],
            [
              29.310523,
              40.8967233
            ],
            [
              29.3142351,
              40.8980411
            ]
          ]
        ]
      },
      "properties": {
        "id": 1368845222,
        "type": "way",
        "aeroway": "apron",
        "ref": "6",
        "name": "",
        "surface": "concrete",
        "width": "",
        "length": "",
        "tags": {
          "aeroway": "apron",
          "ele": "91",
          "ref": "6",
          "surface": "concrete"
        }
      }
    },
    {
      "type": "Feature",
      "geometry": {
        "type": "Polygon",
        "coordinates": [
          [
            [
              29.3172821,
              40.8991116
            ],
            [
              29.3197766,
              40.8952473
            ],
            [
              29.3185374,
              40.8947978
            ],
            [
              29.3177757,
              40.8945215
            ],
            [
              29.3152866,
              40.8983777
            ],
            [
              29.3172821,
              40.8991116
            ]
          ]
        ]
      },
      "properties": {
        "id": 1368845224,
        "type": "way",
        "aeroway": "apron",
        "ref": "7",
        "name": "",
        "surface": "concrete",
        "width": "",
        "length": "",
        "tags": {
          "aeroway": "apron",
          "ele": "92",
          "ref": "7",
          "surface": "concrete"
        }
      }
    },
    {
      "type": "Feature",
      "geometry": {
        "type": "Polygon",
        "coordinates": [
          [
            [
              29.3220726,
              40.9008641
            ],
            [
              29.324559,
              40.8969788
            ],
            [
              29.3207234,
              40.895596
            ],
            [
              29.3182343,
              40.8994522
            ],
            [
              29.3220726,
              40.9008641
            ]
          ]
        ]
      },
      "properties": {
        "id": 1368845226,
        "type": "way",
        "aeroway": "apron",
        "ref": "8",
        "name": "",
        "surface": "concrete",
        "width": "",
        "length": "",
        "tags": {
          "aeroway": "apron",
          "ele": "91",
          "ref": "8",
          "surface": "concrete"
        }
      }
    },
    {
      "type": "Feature",
      "geometry": {
        "type": "LineString",
        "coordinates": [
          [
            29.3111203,
            40.8975665
          ],
          [
            29.3094739,
            40.8969749
          ]
        ]
      },
      "properties": {
        "id": 1418675507,
        "type": "way",
        "aeroway": "taxiway",
        "ref": "C",
        "name": "",
        "surface": "concrete",
        "width": "",
        "length": "",
        "tags": {
          "aeroway": "taxiway",
          "ref": "C",
          "surface": "concrete"
        }
      }
    },
    {
      "type": "Feature",
      "geometry": {
        "type": "LineString",
        "coordinates": [
          [
            29.3118414,
            40.897289
          ],
          [
            29.3120038,
            40.8970354
          ],
          [
            29.312055,
            40.8969554
          ],
          [
            29.312122,
            40.8968509
          ],
          [
            29.3122184,
            40.8967003
          ],
          [
            29.3122834,
            40.8965989
          ],
          [
            29.3123282,
            40.896529
          ],
          [
            29.3124127,
            40.896397
          ],
          [
            29.3124553,
            40.8963305
          ],
          [
            29.3125424,
            40.8961944
          ],
          [
            29.3125613,
            40.8961649
          ],
          [
            29.3126828,
            40.8959752
          ],
          [
            29.3127968,
            40.8957971
          ],
          [
            29.3129091,
            40.8956217
          ],
          [
            29.3130139,
            40.8954581
          ],
          [
            29.3131406,
            40.8952602
          ],
          [
            29.3132425,
            40.8951011
          ],
          [
            29.313361,
            40.894916
          ],
          [
            29.3134639,
            40.8947553
          ],
          [
            29.3135933,
            40.8945534
          ],
          [
            29.3136913,
            40.8944002
          ],
          [
            29.3137899,
            40.8942463
          ],
          [
            29.3138141,
            40.8942085
          ],
          [
            29.3139198,
            40.8940435
          ],
          [
            29.3140418,
            40.8938529
          ],
          [
            29.3141567,
            40.8936735
          ],
          [
            29.3142595,
            40.893513
          ],
          [
            29.3143682,
            40.8933432
          ],
          [
            29.3144699,
            40.8931844
          ],
          [
            29.3145723,
            40.8930357
          ],
          [
            29.3145889,
            40.8930116
          ],
          [
            29.3146424,
            40.8929343
          ],
          [
            29.3147247,
            40.8928276
          ],
          [
            29.3148039,
            40.8927677
          ],
          [
            29.3149004,
            40.8927271
          ],
          [
            29.3150077,
            40.8926987
          ],
          [
            29.3150948,
            40.8926946
          ],
          [
            29.3151706,
            40.8926927
          ],
          [
            29.3152769,
            40.8927087
          ]
        ]
      },
      "properties": {
        "id": 1418675508,
        "type": "way",
        "aeroway": "taxiway",
        "ref": "K1",
        "name": "",
        "surface": "",
        "width": "",
        "length": "",
        "tags": {
          "aeroway": "taxiway",
          "ref": "K1"
        }
      }
    },
    {
      "type": "Feature",
      "geometry": {
        "type": "LineString",
        "coordinates": [
          [
            29.3154764,
            40.8928025
          ],
          [
            29.3155113,
            40.8928256
          ],
          [
            29.3155562,
            40.8928661
          ],
          [
            29.3155844,
            40.8929072
          ],
          [
            29.3156085,
            40.8929432
          ],
          [
            29.3156327,
            40.8930121
          ],
          [
            29.3156474,
            40.8931175
          ],
          [
            29.315638,
            40.8931956
          ],
          [
            29.3155884,
            40.8932878
          ],
          [
            29.3155386,
            40.8933652
          ],
          [
            29.3155228,
            40.8933897
          ],
          [
            29.3153308,
            40.893688
          ],
          [
            29.3151941,
            40.8939005
          ],
          [
            29.3151014,
            40.8940444
          ],
          [
            29.3149669,
            40.8942534
          ],
          [
            29.314877,
            40.8943931
          ],
          [
            29.3147245,
            40.8946299
          ],
          [
            29.3146955,
            40.8946749
          ],
          [
            29.3145887,
            40.8948408
          ],
          [
            29.3145124,
            40.8949594
          ],
          [
            29.3144406,
            40.895071
          ],
          [
            29.3143879,
            40.8951528
          ],
          [
            29.3142906,
            40.895304
          ],
          [
            29.3142044,
            40.895438
          ],
          [
            29.3141325,
            40.8955497
          ],
          [
            29.3140505,
            40.8956771
          ],
          [
            29.3139684,
            40.8958046
          ],
          [
            29.3139108,
            40.8958941
          ],
          [
            29.3138349,
            40.8960121
          ],
          [
            29.3137625,
            40.8961245
          ],
          [
            29.3137484,
            40.8961464
          ],
          [
            29.3136728,
            40.8962639
          ],
          [
            29.3136149,
            40.8963538
          ],
          [
            29.3135533,
            40.8964495
          ],
          [
            29.3134764,
            40.8965691
          ],
          [
            29.3133621,
            40.8967466
          ],
          [
            29.3133127,
            40.8968233
          ],
          [
            29.3132529,
            40.8969162
          ],
          [
            29.3131425,
            40.8970877
          ],
          [
            29.3130761,
            40.897191
          ],
          [
            29.3129961,
            40.8973153
          ],
          [
            29.3129557,
            40.8973779
          ],
          [
            29.312823,
            40.8975841
          ],
          [
            29.3127506,
            40.8976733
          ],
          [
            29.3126836,
            40.8977331
          ],
          [
            29.3125816,
            40.8977818
          ],
          [
            29.3124784,
            40.8978183
          ],
          [
            29.3123277,
            40.8978445
          ],
          [
            29.3122021,
            40.8978406
          ]
        ]
      },
      "properties": {
        "id": 1418675509,
        "type": "way",
        "aeroway": "taxiway",
        "ref": "K2",
        "name": "",
        "surface": "",
        "width": "",
        "length": "",
        "tags": {
          "aeroway": "taxiway",
          "ref": "K2"
        }
      }
    },
    {
      "type": "Feature",
      "geometry": {
        "type": "LineString",
        "coordinates": [
          [
            29.3137899,
            40.8942463
          ],
          [
            29.3139415,
            40.8941556
          ],
          [
            29.3140864,
            40.894111
          ],
          [
            29.314258,
            40.8941069
          ],
          [
            29.3144351,
            40.8941475
          ],
          [
            29.3145879,
            40.894184
          ],
          [
            29.3147703,
            40.894186
          ],
          [
            29.3149366,
            40.8941475
          ],
          [
            29.3150385,
            40.8940907
          ],
          [
            29.3151014,
            40.8940444
          ]
        ]
      },
      "properties": {
        "id": 1418675510,
        "type": "way",
        "aeroway": "taxiway",
        "ref": "K4",
        "name": "",
        "surface": "",
        "width": "",
        "length": "",
        "tags": {
          "aeroway": "taxiway",
          "ref": "K4"
        }
      }
    },
    {
      "type": "Feature",
      "geometry": {
        "type": "LineString",
        "coordinates": [
          [
            29.3141567,
            40.8936735
          ],
          [
            29.3141293,
            40.8937987
          ],
          [
            29.3141507,
            40.8939062
          ],
          [
            29.3142151,
            40.8940035
          ],
          [
            29.3142848,
            40.8940623
          ],
          [
            29.3143439,
            40.8940948
          ],
          [
            29.3144351,
            40.8941475
          ],
          [
            29.3145611,
            40.8942022
          ],
          [
            29.3146362,
            40.8942711
          ],
          [
            29.3146952,
            40.8943563
          ],
          [
            29.3147408,
            40.8944455
          ],
          [
            29.3147381,
            40.894555
          ],
          [
            29.3147245,
            40.8946299
          ]
        ]
      },
      "properties": {
        "id": 1418675511,
        "type": "way",
        "aeroway": "taxiway",
        "ref": "K4",
        "name": "",
        "surface": "",
        "width": "",
        "length": "",
        "tags": {
          "aeroway": "taxiway",
          "ref": "K4"
        }
      }
    },
    {
      "type": "Feature",
      "geometry": {
        "type": "LineString",
        "coordinates": [
          [
            29.3124127,
            40.896397
          ],
          [
            29.3125629,
            40.8962966
          ],
          [
            29.312697,
            40.89625
          ],
          [
            29.3128552,
            40.8962277
          ],
          [
            29.3130296,
            40.8962541
          ],
          [
            29.3130764,
            40.8962688
          ],
          [
            29.3131905,
            40.8963047
          ],
          [
            29.3133434,
            40.8963169
          ],
          [
            29.3135097,
            40.8962804
          ],
          [
            29.313625,
            40.8962358
          ],
          [
            29.3136787,
            40.8961892
          ],
          [
            29.3137625,
            40.8961245
          ]
        ]
      },
      "properties": {
        "id": 1418675512,
        "type": "way",
        "aeroway": "taxiway",
        "ref": "K3",
        "name": "",
        "surface": "",
        "width": "",
        "length": "",
        "tags": {
          "aeroway": "taxiway",
          "ref": "K3"
        }
      }
    },
    {
      "type": "Feature",
      "geometry": {
        "type": "LineString",
        "coordinates": [
          [
            29.3127968,
            40.8957971
          ],
          [
            29.3127855,
            40.8959236
          ],
          [
            29.3127935,
            40.8960128
          ],
          [
            29.3128472,
            40.8961
          ],
          [
            29.3128981,
            40.8961608
          ],
          [
            29.3129625,
            40.8962115
          ],
          [
            29.3130764,
            40.8962688
          ],
          [
            29.3132388,
            40.8963575
          ],
          [
            29.3133139,
            40.8964385
          ],
          [
            29.3133622,
            40.896546
          ],
          [
            29.3133675,
            40.8966534
          ],
          [
            29.3133621,
            40.8967466
          ]
        ]
      },
      "properties": {
        "id": 1418675513,
        "type": "way",
        "aeroway": "taxiway",
        "ref": "K3",
        "name": "",
        "surface": "",
        "width": "",
        "length": "",
        "tags": {
          "aeroway": "taxiway",
          "ref": "K3"
        }
      }
    },
    {
      "type": "Feature",
      "geometry": {
        "type": "LineString",
        "coordinates": [
          [
            29.3145724,
            40.8924492
          ],
          [
            29.3146528,
            40.8925376
          ],
          [
            29.3146845,
            40.8925916
          ],
          [
            29.3147141,
            40.8926745
          ],
          [
            29.3147189,
            40.8927375
          ],
          [
            29.3147104,
            40.8927931
          ],
          [
            29.3146997,
            40.8928261
          ],
          [
            29.3146853,
            40.8928673
          ],
          [
            29.3146424,
            40.8929343
          ],
          [
            29.3146366,
            40.8929433
          ]
        ]
      },
      "properties": {
        "id": 1418675514,
        "type": "way",
        "aeroway": "taxiway",
        "ref": "",
        "name": "",
        "surface": "",
        "width": "",
        "length": "",
        "tags": {
          "aeroway": "taxiway"
        }
      }
    },
    {
      "type": "Feature",
      "geometry": {
        "type": "LineString",
        "coordinates": [
          [
            29.3128806,
            40.898087
          ],
          [
            29.3128,
            40.8979779
          ],
          [
            29.3127729,
            40.8979209
          ],
          [
            29.3127621,
            40.8978623
          ],
          [
            29.3127833,
            40.8977385
          ],
          [
            29.3128164,
            40.897593
          ]
        ]
      },
      "properties": {
        "id": 1418675515,
        "type": "way",
        "aeroway": "taxiway",
        "ref": "",
        "name": "",
        "surface": "",
        "width": "",
        "length": "",
        "tags": {
          "aeroway": "taxiway"
        }
      }
    },
    {
      "type": "Feature",
      "geometry": {
        "type": "Polygon",
        "coordinates": [
          [
            [
              29.3009931,
              40.8902432
            ],
            [
              29.3016797,
              40.8891888
            ],
            [
              29.3003547,
              40.8886819
            ],
            [
              29.3002582,
              40.8886049
            ],
            [
              29.2994159,
              40.8896633
            ],
            [
              29.3009931,
              40.8902432
            ]
          ]
        ]
      },
      "properties": {
        "id": 1431388360,
        "type": "way",
        "aeroway": "apron",
        "ref": "4",
        "name": "",
        "surface": "concrete",
        "width": "",
        "length": "",
        "tags": {
          "aeroway": "apron",
          "ele": "86",
          "ref": "4",
          "surface": "concrete"
        }
      }
    },
    {
      "type": "Feature",
      "geometry": {
        "type": "Polygon",
        "coordinates": [
          [
            [
              29.311448,
              40.8855825
            ],
            [
              29.3127763,
              40.8834598
            ],
            [
              29.3014518,
              40.8793479
            ],
            [
              29.2997324,
              40.8820348
            ],
            [
              29.3030906,
              40.8832637
            ],
            [
              29.3034446,
              40.8827162
            ],
            [
              29.3036914,
              40.8827932
            ],
            [
              29.3043002,
              40.8830426
            ],
            [
              29.3045229,
              40.8831217
            ],
            [
              29.3041742,
              40.8836794
            ],
            [
              29.3101387,
              40.8859666
            ],
            [
              29.310582,
              40.8853483
            ],
            [
              29.3108019,
              40.8854253
            ],
            [
              29.3112047,
              40.8855233
            ],
            [
              29.311448,
              40.8855825
            ]
          ]
        ]
      },
      "properties": {
        "id": 1431388361,
        "type": "way",
        "aeroway": "apron",
        "ref": "9",
        "name": "",
        "surface": "concrete",
        "width": "",
        "length": "",
        "tags": {
          "aeroway": "apron",
          "ele": "80",
          "ref": "9",
          "surface": "concrete"
        }
      }
    },
    {
      "type": "Feature",
      "geometry": {
        "type": "LineString",
        "coordinates": [
          [
            29.3098559,
            40.8875204
          ],
          [
            29.3112047,
            40.8855233
          ]
        ]
      },
      "properties": {
        "id": 1431388362,
        "type": "way",
        "aeroway": "taxiway",
        "ref": "R2",
        "name": "",
        "surface": "concrete",
        "width": "",
        "length": "",
        "tags": {
          "aeroway": "taxiway",
          "ref": "R2",
          "surface": "concrete"
        }
      }
    },
    {
      "type": "Feature",
      "geometry": {
        "type": "LineString",
        "coordinates": [
          [
            29.3027162,
            40.8848978
          ],
          [
            29.3024608,
            40.8853054
          ],
          [
            29.3022431,
            40.8856486
          ],
          [
            29.3019882,
            40.8860506
          ],
          [
            29.3018347,
            40.8862926
          ]
        ]
      },
      "properties": {
        "id": 1431388363,
        "type": "way",
        "aeroway": "taxiway",
        "ref": "A2",
        "name": "",
        "surface": "concrete",
        "width": "",
        "length": "",
        "tags": {
          "aeroway": "taxiway",
          "ref": "A2",
          "surface": "concrete"
        }
      }
    },
    {
      "type": "Feature",
      "geometry": {
        "type": "LineString",
        "coordinates": [
          [
            29.3025894,
            40.8848511
          ],
          [
            29.3027162,
            40.8848978
          ],
          [
            29.3032046,
            40.8850775
          ],
          [
            29.3036884,
            40.8852555
          ],
          [
            29.3048786,
            40.8856926
          ],
          [
            29.3098559,
            40.8875204
          ],
          [
            29.3111637,
            40.8880005
          ],
          [
            29.3132116,
            40.8887572
          ],
          [
            29.3176689,
            40.8904042
          ],
          [
            29.3197668,
            40.8911794
          ],
          [
            29.3213656,
            40.8917619
          ]
        ]
      },
      "properties": {
        "id": 1431388364,
        "type": "way",
        "aeroway": "runway",
        "ref": "06R/24L",
        "name": "",
        "surface": "beton;asfalt",
        "width": "60",
        "length": "3540",
        "tags": {
          "aeroway": "runway",
          "length": "3540",
          "ref": "06R/24L",
          "surface": "beton;asfalt",
          "width": "60"
        }
      }
    },
    {
      "type": "Feature",
      "geometry": {
        "type": "LineString",
        "coordinates": [
          [
            29.304099,
            40.8826967
          ],
          [
            29.3027162,
            40.8848978
          ]
        ]
      },
      "properties": {
        "id": 1431388365,
        "type": "way",
        "aeroway": "taxiway",
        "ref": "R1",
        "name": "",
        "surface": "concrete",
        "width": "",
        "length": "",
        "tags": {
          "aeroway": "taxiway",
          "ref": "R1",
          "surface": "concrete"
        }
      }
    },
    {
      "type": "Feature",
      "geometry": {
        "type": "LineString",
        "coordinates": [
          [
            29.3022511,
            40.8847266
          ],
          [
            29.3021196,
            40.8846963
          ],
          [
            29.3020231,
            40.8846852
          ],
          [
            29.3019345,
            40.8846933
          ],
          [
            29.3018058,
            40.8847187
          ],
          [
            29.30172,
            40.8847531
          ],
          [
            29.3016167,
            40.8848099
          ],
          [
            29.3015637,
            40.8848545
          ],
          [
            29.3015208,
            40.8849096
          ],
          [
            29.3012748,
            40.885294
          ],
          [
            29.3010203,
            40.8856919
          ],
          [
            29.3008646,
            40.8859352
          ]
        ]
      },
      "properties": {
        "id": 1431388366,
        "type": "way",
        "aeroway": "taxiway",
        "ref": "A1",
        "name": "",
        "surface": "concrete",
        "width": "",
        "length": "",
        "tags": {
          "aeroway": "taxiway",
          "ref": "A1",
          "surface": "concrete"
        }
      }
    },
    {
      "type": "Feature",
      "geometry": {
        "type": "LineString",
        "coordinates": [
          [
            29.3018347,
            40.8862926
          ],
          [
            29.3016497,
            40.8865995
          ],
          [
            29.3016418,
            40.8866124
          ],
          [
            29.3011094,
            40.8874884
          ]
        ]
      },
      "properties": {
        "id": 1431388367,
        "type": "way",
        "aeroway": "taxiway",
        "ref": "B2",
        "name": "",
        "surface": "concrete",
        "width": "",
        "length": "",
        "tags": {
          "aeroway": "taxiway",
          "ref": "B2",
          "surface": "concrete"
        }
      }
    },
    {
      "type": "Feature",
      "geometry": {
        "type": "LineString",
        "coordinates": [
          [
            29.3028304,
            40.8866005
          ],
          [
            29.3027674,
            40.8866755
          ],
          [
            29.3026976,
            40.8867272
          ],
          [
            29.3026373,
            40.8867586
          ],
          [
            29.3025608,
            40.8867911
          ],
          [
            29.3024361,
            40.8868154
          ],
          [
            29.3023194,
            40.8868164
          ],
          [
            29.3022215,
            40.8868032
          ],
          [
            29.3021084,
            40.8867856
          ],
          [
            29.3020043,
            40.8867231
          ],
          [
            29.301905,
            40.886638
          ],
          [
            29.3018541,
            40.8865721
          ],
          [
            29.3018326,
            40.8865011
          ],
          [
            29.3018219,
            40.8864159
          ],
          [
            29.3018347,
            40.8862926
          ]
        ]
      },
      "properties": {
        "id": 1431388368,
        "type": "way",
        "aeroway": "taxiway",
        "ref": "",
        "name": "",
        "surface": "",
        "width": "",
        "length": "",
        "tags": {
          "aeroway": "taxiway"
        }
      }
    },
    {
      "type": "Feature",
      "geometry": {
        "type": "LineString",
        "coordinates": [
          [
            29.3213656,
            40.8917619
          ],
          [
            29.3218929,
            40.8919809
          ],
          [
            29.3223596,
            40.8921898
          ],
          [
            29.3228099,
            40.8924277
          ],
          [
            29.3233493,
            40.892796
          ],
          [
            29.3236256,
            40.8930008
          ],
          [
            29.3239018,
            40.8932502
          ],
          [
            29.3243739,
            40.8937672
          ],
          [
            29.3244091,
            40.8938086
          ],
          [
            29.3250199,
            40.8945271
          ],
          [
            29.3258987,
            40.8955527
          ]
        ]
      },
      "properties": {
        "id": 1431388370,
        "type": "way",
        "aeroway": "taxiway",
        "ref": "A7",
        "name": "",
        "surface": "concrete",
        "width": "",
        "length": "",
        "tags": {
          "aeroway": "taxiway",
          "ref": "A7",
          "surface": "concrete"
        }
      }
    },
    {
      "type": "Feature",
      "geometry": {
        "type": "LineString",
        "coordinates": [
          [
            29.3384226,
            40.9001621
          ],
          [
            29.3392656,
            40.9004573
          ]
        ]
      },
      "properties": {
        "id": 1431388371,
        "type": "way",
        "aeroway": "taxiway",
        "ref": "A",
        "name": "",
        "surface": "",
        "width": "",
        "length": "",
        "tags": {
          "aeroway": "taxiway",
          "ref": "A"
        }
      }
    },
    {
      "type": "Feature",
      "geometry": {
        "type": "LineString",
        "coordinates": [
          [
            29.3381326,
            40.8996128
          ],
          [
            29.3381122,
            40.8996833
          ],
          [
            29.3381095,
            40.8997573
          ],
          [
            29.3381256,
            40.8998404
          ],
          [
            29.3381591,
            40.8999276
          ],
          [
            29.3382315,
            40.9000209
          ],
          [
            29.3382644,
            40.9000594
          ],
          [
            29.3382932,
            40.9000842
          ],
          [
            29.3383536,
            40.9001263
          ],
          [
            29.3384226,
            40.9001621
          ]
        ]
      },
      "properties": {
        "id": 1431388372,
        "type": "way",
        "aeroway": "taxiway",
        "ref": "",
        "name": "",
        "surface": "",
        "width": "",
        "length": "",
        "tags": {
          "aeroway": "taxiway"
        }
      }
    },
    {
      "type": "Feature",
      "geometry": {
        "type": "LineString",
        "coordinates": [
          [
            29.3008646,
            40.8859352
          ],
          [
            29.3006661,
            40.8862923
          ],
          [
            29.3001554,
            40.8871342
          ]
        ]
      },
      "properties": {
        "id": 1431388373,
        "type": "way",
        "aeroway": "taxiway",
        "ref": "B1",
        "name": "",
        "surface": "concrete",
        "width": "",
        "length": "",
        "tags": {
          "aeroway": "taxiway",
          "ref": "B1",
          "surface": "concrete"
        }
      }
    },
    {
      "type": "Feature",
      "geometry": {
        "type": "LineString",
        "coordinates": [
          [
            29.3028304,
            40.8866005
          ],
          [
            29.3026036,
            40.8869694
          ],
          [
            29.3020994,
            40.8878519
          ]
        ]
      },
      "properties": {
        "id": 1431388374,
        "type": "way",
        "aeroway": "taxiway",
        "ref": "B3",
        "name": "",
        "surface": "concrete",
        "width": "",
        "length": "",
        "tags": {
          "aeroway": "taxiway",
          "ref": "B3",
          "surface": "concrete"
        }
      }
    },
    {
      "type": "Feature",
      "geometry": {
        "type": "LineString",
        "coordinates": [
          [
            29.3008646,
            40.8859352
          ],
          [
            29.3008476,
            40.8860124
          ],
          [
            29.3008482,
            40.8860712
          ],
          [
            29.300859,
            40.8861371
          ],
          [
            29.3008965,
            40.8862284
          ],
          [
            29.3009676,
            40.8863237
          ],
          [
            29.3010561,
            40.8863865
          ],
          [
            29.3011838,
            40.8864424
          ],
          [
            29.3016418,
            40.8866124
          ],
          [
            29.3021084,
            40.8867856
          ],
          [
            29.3026036,
            40.8869694
          ],
          [
            29.3031166,
            40.8871584
          ],
          [
            29.3053535,
            40.8879827
          ],
          [
            29.3066272,
            40.888452
          ],
          [
            29.3077286,
            40.8888578
          ],
          [
            29.3097483,
            40.889602
          ],
          [
            29.3103191,
            40.8898123
          ],
          [
            29.3119868,
            40.8904268
          ],
          [
            29.3139688,
            40.8911571
          ],
          [
            29.3140943,
            40.8912034
          ],
          [
            29.3145443,
            40.8913692
          ],
          [
            29.3146996,
            40.8914264
          ]
        ]
      },
      "properties": {
        "id": 1431388375,
        "type": "way",
        "aeroway": "taxiway",
        "ref": "A",
        "name": "",
        "surface": "concrete",
        "width": "",
        "length": "",
        "tags": {
          "aeroway": "taxiway",
          "ref": "A",
          "surface": "concrete"
        }
      }
    },
    {
      "type": "Feature",
      "geometry": {
        "type": "LineString",
        "coordinates": [
          [
            29.3151887,
            40.8913412
          ],
          [
            29.3149325,
            40.8913615
          ],
          [
            29.3148199,
            40.8913818
          ],
          [
            29.3146996,
            40.8914264
          ]
        ]
      },
      "properties": {
        "id": 1431388376,
        "type": "way",
        "aeroway": "taxiway",
        "ref": "",
        "name": "",
        "surface": "",
        "width": "",
        "length": "",
        "tags": {
          "aeroway": "taxiway"
        }
      }
    },
    {
      "type": "Feature",
      "geometry": {
        "type": "LineString",
        "coordinates": [
          [
            29.3257177,
            40.9028196
          ],
          [
            29.3258491,
            40.9029068
          ],
          [
            29.3259242,
            40.9030041
          ],
          [
            29.3259537,
            40.9030912
          ],
          [
            29.325947,
            40.9031393
          ],
          [
            29.3259376,
            40.9032068
          ],
          [
            29.3259001,
            40.903294
          ],
          [
            29.3254656,
            40.9038738
          ],
          [
            29.3252349,
            40.9041778
          ],
          [
            29.3251035,
            40.9042569
          ],
          [
            29.3249881,
            40.9042893
          ],
          [
            29.3249103,
            40.9042893
          ],
          [
            29.3248001,
            40.9042777
          ]
        ]
      },
      "properties": {
        "id": 1431388377,
        "type": "way",
        "aeroway": "taxiway",
        "ref": "C11",
        "name": "",
        "surface": "concrete",
        "width": "",
        "length": "",
        "tags": {
          "aeroway": "taxiway",
          "ref": "C11",
          "surface": "concrete"
        }
      }
    },
    {
      "type": "Feature",
      "geometry": {
        "type": "LineString",
        "coordinates": [
          [
            29.3195862,
            40.9001425
          ],
          [
            29.3197506,
            40.8998858
          ],
          [
            29.3197947,
            40.899817
          ],
          [
            29.3198843,
            40.899677
          ],
          [
            29.3199583,
            40.8995616
          ],
          [
            29.3200298,
            40.8994499
          ],
          [
            29.3200803,
            40.8993711
          ],
          [
            29.3201575,
            40.8992505
          ]
        ]
      },
      "properties": {
        "id": 1460139323,
        "type": "way",
        "aeroway": "taxiway",
        "ref": "M1",
        "name": "",
        "surface": "",
        "width": "",
        "length": "",
        "tags": {
          "aeroway": "taxiway",
          "ref": "M1"
        }
      }
    },
    {
      "type": "Feature",
      "geometry": {
        "type": "LineString",
        "coordinates": [
          [
            29.3211069,
            40.8996001
          ],
          [
            29.3205678,
            40.9004375
          ],
          [
            29.3204954,
            40.9005267
          ],
          [
            29.3204284,
            40.9005865
          ],
          [
            29.3203264,
            40.9006352
          ],
          [
            29.3202232,
            40.9006717
          ],
          [
            29.320069,
            40.9006838
          ],
          [
            29.3199456,
            40.9006696
          ],
          [
            29.3198477,
            40.9006443
          ]
        ]
      },
      "properties": {
        "id": 1460139324,
        "type": "way",
        "aeroway": "taxiway",
        "ref": "M2",
        "name": "",
        "surface": "",
        "width": "",
        "length": "",
        "tags": {
          "aeroway": "taxiway",
          "ref": "M2"
        }
      }
    },
    {
      "type": "Feature",
      "geometry": {
        "type": "LineString",
        "coordinates": [
          [
            29.3198477,
            40.9006443
          ],
          [
            29.3210605,
            40.9010796
          ],
          [
            29.3236846,
            40.9020594
          ],
          [
            29.3257177,
            40.9028196
          ]
        ]
      },
      "properties": {
        "id": 1460139325,
        "type": "way",
        "aeroway": "taxiway",
        "ref": "C",
        "name": "",
        "surface": "concrete",
        "width": "",
        "length": "",
        "tags": {
          "aeroway": "taxiway",
          "ref": "C",
          "surface": "concrete"
        }
      }
    },
    {
      "type": "Feature",
      "geometry": {
        "type": "LineString",
        "coordinates": [
          [
            29.3198477,
            40.9006443
          ],
          [
            29.319735,
            40.9005875
          ],
          [
            29.3196519,
            40.9005257
          ],
          [
            29.3195754,
            40.9004345
          ],
          [
            29.3195459,
            40.900324
          ],
          [
            29.319554,
            40.9002145
          ],
          [
            29.3195862,
            40.9001425
          ]
        ]
      },
      "properties": {
        "id": 1460139326,
        "type": "way",
        "aeroway": "taxiway",
        "ref": "",
        "name": "",
        "surface": "",
        "width": "",
        "length": "",
        "tags": {
          "aeroway": "taxiway"
        }
      }
    },
    {
      "type": "Feature",
      "geometry": {
        "type": "LineString",
        "coordinates": [
          [
            29.3219015,
            40.8965271
          ],
          [
            29.3219868,
            40.8963939
          ],
          [
            29.3221197,
            40.8961864
          ],
          [
            29.3222147,
            40.896038
          ],
          [
            29.3223171,
            40.8958893
          ],
          [
            29.322385,
            40.8957907
          ],
          [
            29.3224695,
            40.8956812
          ],
          [
            29.3225487,
            40.8956214
          ],
          [
            29.3226452,
            40.8955808
          ],
          [
            29.3227525,
            40.8955524
          ],
          [
            29.3228396,
            40.8955483
          ],
          [
            29.3229154,
            40.8955464
          ],
          [
            29.3230269,
            40.8955632
          ]
        ]
      },
      "properties": {
        "id": 1460139327,
        "type": "way",
        "aeroway": "taxiway",
        "ref": "M1",
        "name": "",
        "surface": "",
        "width": "",
        "length": "",
        "tags": {
          "aeroway": "taxiway",
          "ref": "M1"
        }
      }
    },
    {
      "type": "Feature",
      "geometry": {
        "type": "LineString",
        "coordinates": [
          [
            29.3232212,
            40.8956562
          ],
          [
            29.3232561,
            40.8956792
          ],
          [
            29.323301,
            40.8957197
          ],
          [
            29.3233292,
            40.8957608
          ],
          [
            29.3233533,
            40.8957968
          ],
          [
            29.3233775,
            40.8958657
          ],
          [
            29.3233922,
            40.8959711
          ],
          [
            29.3233828,
            40.8960492
          ],
          [
            29.3233332,
            40.8961414
          ],
          [
            29.3232676,
            40.8962433
          ],
          [
            29.3228462,
            40.896898
          ]
        ]
      },
      "properties": {
        "id": 1460139328,
        "type": "way",
        "aeroway": "taxiway",
        "ref": "M2",
        "name": "",
        "surface": "",
        "width": "",
        "length": "",
        "tags": {
          "aeroway": "taxiway",
          "ref": "M2"
        }
      }
    },
    {
      "type": "Feature",
      "geometry": {
        "type": "LineString",
        "coordinates": [
          [
            29.3114626,
            40.8978768
          ],
          [
            29.3115047,
            40.8978506
          ],
          [
            29.3115851,
            40.8978181
          ],
          [
            29.3116777,
            40.8977908
          ],
          [
            29.311789,
            40.8977654
          ],
          [
            29.3118936,
            40.8977614
          ],
          [
            29.311957,
            40.8977731
          ],
          [
            29.3120189,
            40.8977881
          ],
          [
            29.3120774,
            40.8978016
          ]
        ]
      },
      "properties": {
        "id": 1460139329,
        "type": "way",
        "aeroway": "taxiway",
        "ref": "C",
        "name": "",
        "surface": "concrete",
        "width": "",
        "length": "",
        "tags": {
          "aeroway": "taxiway",
          "ref": "C",
          "surface": "concrete"
        }
      }
    },
    {
      "type": "Feature",
      "geometry": {
        "type": "LineString",
        "coordinates": [
          [
            29.3120774,
            40.8978016
          ],
          [
            29.3120928,
            40.8978061
          ],
          [
            29.3121618,
            40.8978262
          ],
          [
            29.3122021,
            40.8978406
          ]
        ]
      },
      "properties": {
        "id": 1460139330,
        "type": "way",
        "aeroway": "taxiway",
        "ref": "C",
        "name": "",
        "surface": "concrete",
        "width": "",
        "length": "",
        "tags": {
          "aeroway": "taxiway",
          "ref": "C",
          "surface": "concrete"
        }
      }
    },
    {
      "type": "Feature",
      "geometry": {
        "type": "LineString",
        "coordinates": [
          [
            29.3122021,
            40.8978406
          ],
          [
            29.3120928,
            40.8978061
          ],
          [
            29.3120189,
            40.8977881
          ],
          [
            29.311957,
            40.8977731
          ],
          [
            29.311877,
            40.8976857
          ],
          [
            29.3118306,
            40.8975811
          ],
          [
            29.3118011,
            40.8974706
          ],
          [
            29.3118092,
            40.897361
          ],
          [
            29.3118414,
            40.897289
          ]
        ]
      },
      "properties": {
        "id": 1460139331,
        "type": "way",
        "aeroway": "taxiway",
        "ref": "",
        "name": "",
        "surface": "",
        "width": "",
        "length": "",
        "tags": {
          "aeroway": "taxiway"
        }
      }
    },
    {
      "type": "Feature",
      "geometry": {
        "type": "Polygon",
        "coordinates": [
          [
            [
              29.2993188,
              40.8873308
            ],
            [
              29.2999627,
              40.886192
            ],
            [
              29.300265,
              40.8857312
            ],
            [
              29.2998806,
              40.885616
            ],
            [
              29.2989777,
              40.8853433
            ],
            [
              29.2973324,
              40.8847383
            ],
            [
              29.2970692,
              40.8851722
            ],
            [
              29.2972403,
              40.8868996
            ],
            [
              29.2985065,
              40.8873514
            ],
            [
              29.2986618,
              40.8871464
            ],
            [
              29.298775,
              40.8871364
            ],
            [
              29.2990409,
              40.887232
            ],
            [
              29.2993188,
              40.8873308
            ]
          ]
        ]
      },
      "properties": {
        "id": 1460139332,
        "type": "way",
        "aeroway": "apron",
        "ref": "2",
        "name": "",
        "surface": "concrete",
        "width": "",
        "length": "",
        "tags": {
          "aeroway": "apron",
          "ele": "82",
          "ref": "2",
          "surface": "concrete"
        }
      }
    },
    {
      "type": "Feature",
      "geometry": {
        "type": "LineString",
        "coordinates": [
          [
            29.3107876,
            40.8964734
          ],
          [
            29.3118972,
            40.8968756
          ]
        ]
      },
      "properties": {
        "id": 1460139333,
        "type": "way",
        "aeroway": "parking_position",
        "ref": "611R",
        "name": "",
        "surface": "",
        "width": "",
        "length": "",
        "tags": {
          "aeroway": "parking_position",
          "ref": "611R"
        }
      }
    },
    {
      "type": "Feature",
      "geometry": {
        "type": "LineString",
        "coordinates": [
          [
            29.3118972,
            40.8968756
          ],
          [
            29.3119738,
            40.8968881
          ],
          [
            29.3120566,
            40.8968802
          ],
          [
            29.312122,
            40.8968509
          ]
        ]
      },
      "properties": {
        "id": 1460139334,
        "type": "way",
        "aeroway": "parking_position",
        "ref": "",
        "name": "",
        "surface": "",
        "width": "",
        "length": "",
        "tags": {
          "aeroway": "parking_position"
        }
      }
    },
    {
      "type": "Feature",
      "geometry": {
        "type": "LineString",
        "coordinates": [
          [
            29.3109325,
            40.8963106
          ],
          [
            29.3118455,
            40.8966533
          ]
        ]
      },
      "properties": {
        "id": 1460139335,
        "type": "way",
        "aeroway": "parking_position",
        "ref": "611",
        "name": "",
        "surface": "",
        "width": "",
        "length": "",
        "tags": {
          "aeroway": "parking_position",
          "ref": "611"
        }
      }
    },
    {
      "type": "Feature",
      "geometry": {
        "type": "LineString",
        "coordinates": [
          [
            29.3118455,
            40.8966533
          ],
          [
            29.3119283,
            40.8966659
          ],
          [
            29.312007,
            40.8966674
          ],
          [
            29.3121084,
            40.8966565
          ],
          [
            29.3122016,
            40.8966258
          ],
          [
            29.3122834,
            40.8965989
          ]
        ]
      },
      "properties": {
        "id": 1460139336,
        "type": "way",
        "aeroway": "parking_position",
        "ref": "",
        "name": "",
        "surface": "",
        "width": "",
        "length": "",
        "tags": {
          "aeroway": "parking_position"
        }
      }
    },
    {
      "type": "Feature",
      "geometry": {
        "type": "LineString",
        "coordinates": [
          [
            29.3113465,
            40.8962684
          ],
          [
            29.3121229,
            40.8965469
          ]
        ]
      },
      "properties": {
        "id": 1460139337,
        "type": "way",
        "aeroway": "parking_position",
        "ref": "611L",
        "name": "",
        "surface": "",
        "width": "",
        "length": "",
        "tags": {
          "aeroway": "parking_position",
          "ref": "611L"
        }
      }
    },
    {
      "type": "Feature",
      "geometry": {
        "type": "LineString",
        "coordinates": [
          [
            29.3121229,
            40.8965469
          ],
          [
            29.3122119,
            40.8965501
          ],
          [
            29.3123282,
            40.896529
          ]
        ]
      },
      "properties": {
        "id": 1460139338,
        "type": "way",
        "aeroway": "parking_position",
        "ref": "",
        "name": "",
        "surface": "",
        "width": "",
        "length": "",
        "tags": {
          "aeroway": "parking_position"
        }
      }
    },
    {
      "type": "Feature",
      "geometry": {
        "type": "LineString",
        "coordinates": [
          [
            29.3112223,
            40.8957848
          ],
          [
            29.3123465,
            40.8961917
          ]
        ]
      },
      "properties": {
        "id": 1460139339,
        "type": "way",
        "aeroway": "parking_position",
        "ref": "612R",
        "name": "",
        "surface": "",
        "width": "",
        "length": "",
        "tags": {
          "aeroway": "parking_position",
          "ref": "612R"
        }
      }
    },
    {
      "type": "Feature",
      "geometry": {
        "type": "LineString",
        "coordinates": [
          [
            29.3123465,
            40.8961917
          ],
          [
            29.3124334,
            40.8962011
          ],
          [
            29.3125613,
            40.8961649
          ]
        ]
      },
      "properties": {
        "id": 1460139340,
        "type": "way",
        "aeroway": "parking_position",
        "ref": "",
        "name": "",
        "surface": "",
        "width": "",
        "length": "",
        "tags": {
          "aeroway": "parking_position"
        }
      }
    },
    {
      "type": "Feature",
      "geometry": {
        "type": "LineString",
        "coordinates": [
          [
            29.3118184,
            40.8957883
          ],
          [
            29.3118993,
            40.8958427
          ],
          [
            29.3120111,
            40.895935
          ],
          [
            29.312125,
            40.8959929
          ],
          [
            29.3122554,
            40.8960415
          ],
          [
            29.3124272,
            40.8960383
          ],
          [
            29.3126828,
            40.8959752
          ]
        ]
      },
      "properties": {
        "id": 1460139341,
        "type": "way",
        "aeroway": "parking_position",
        "ref": "",
        "name": "",
        "surface": "",
        "width": "",
        "length": "",
        "tags": {
          "aeroway": "parking_position"
        }
      }
    },
    {
      "type": "Feature",
      "geometry": {
        "type": "LineString",
        "coordinates": [
          [
            29.3125424,
            40.8961944
          ],
          [
            29.3125224,
            40.8961166
          ],
          [
            29.3124893,
            40.896043
          ],
          [
            29.3124189,
            40.895946
          ],
          [
            29.3123278,
            40.8958725
          ],
          [
            29.3122016,
            40.8958224
          ],
          [
            29.3120794,
            40.8958052
          ],
          [
            29.3118184,
            40.8957883
          ]
        ]
      },
      "properties": {
        "id": 1460139342,
        "type": "way",
        "aeroway": "parking_position",
        "ref": "",
        "name": "",
        "surface": "",
        "width": "",
        "length": "",
        "tags": {
          "aeroway": "parking_position"
        }
      }
    },
    {
      "type": "Feature",
      "geometry": {
        "type": "LineString",
        "coordinates": [
          [
            29.3117999,
            40.8955657
          ],
          [
            29.312568,
            40.8958412
          ]
        ]
      },
      "properties": {
        "id": 1460139343,
        "type": "way",
        "aeroway": "parking_position",
        "ref": "612L",
        "name": "",
        "surface": "",
        "width": "",
        "length": "",
        "tags": {
          "aeroway": "parking_position",
          "ref": "612L"
        }
      }
    },
    {
      "type": "Feature",
      "geometry": {
        "type": "LineString",
        "coordinates": [
          [
            29.312568,
            40.8958412
          ],
          [
            29.3126549,
            40.8958427
          ],
          [
            29.3127968,
            40.8957971
          ]
        ]
      },
      "properties": {
        "id": 1460139344,
        "type": "way",
        "aeroway": "parking_position",
        "ref": "",
        "name": "",
        "surface": "",
        "width": "",
        "length": "",
        "tags": {
          "aeroway": "parking_position"
        }
      }
    },
    {
      "type": "Feature",
      "geometry": {
        "type": "LineString",
        "coordinates": [
          [
            29.3116778,
            40.8950822
          ],
          [
            29.3128019,
            40.8954922
          ]
        ]
      },
      "properties": {
        "id": 1460139345,
        "type": "way",
        "aeroway": "parking_position",
        "ref": "613R",
        "name": "",
        "surface": "",
        "width": "",
        "length": "",
        "tags": {
          "aeroway": "parking_position",
          "ref": "613R"
        }
      }
    },
    {
      "type": "Feature",
      "geometry": {
        "type": "LineString",
        "coordinates": [
          [
            29.3128019,
            40.8954922
          ],
          [
            29.3128806,
            40.8954906
          ],
          [
            29.3130139,
            40.8954581
          ]
        ]
      },
      "properties": {
        "id": 1460139346,
        "type": "way",
        "aeroway": "parking_position",
        "ref": "",
        "name": "",
        "surface": "",
        "width": "",
        "length": "",
        "tags": {
          "aeroway": "parking_position"
        }
      }
    },
    {
      "type": "Feature",
      "geometry": {
        "type": "LineString",
        "coordinates": [
          [
            29.3122616,
            40.8950757
          ],
          [
            29.3123274,
            40.8951191
          ],
          [
            29.3124116,
            40.8951917
          ],
          [
            29.3125279,
            40.8952656
          ],
          [
            29.3126257,
            40.8953013
          ],
          [
            29.3127656,
            40.8953267
          ],
          [
            29.3128954,
            40.8953267
          ],
          [
            29.3129351,
            40.8953178
          ],
          [
            29.3130252,
            40.8952974
          ],
          [
            29.3131406,
            40.8952602
          ]
        ]
      },
      "properties": {
        "id": 1460139347,
        "type": "way",
        "aeroway": "parking_position",
        "ref": "",
        "name": "",
        "surface": "",
        "width": "",
        "length": "",
        "tags": {
          "aeroway": "parking_position"
        }
      }
    },
    {
      "type": "Feature",
      "geometry": {
        "type": "LineString",
        "coordinates": [
          [
            29.3122616,
            40.8950757
          ],
          [
            29.3123678,
            40.895091
          ],
          [
            29.3125617,
            40.895091
          ],
          [
            29.3126931,
            40.8951293
          ],
          [
            29.3127791,
            40.8951649
          ],
          [
            29.3128499,
            40.8952197
          ],
          [
            29.3129089,
            40.895277
          ],
          [
            29.3129351,
            40.8953178
          ],
          [
            29.3130139,
            40.8954581
          ]
        ]
      },
      "properties": {
        "id": 1460139348,
        "type": "way",
        "aeroway": "parking_position",
        "ref": "",
        "name": "",
        "surface": "",
        "width": "",
        "length": "",
        "tags": {
          "aeroway": "parking_position"
        }
      }
    },
    {
      "type": "Feature",
      "geometry": {
        "type": "LineString",
        "coordinates": [
          [
            29.3122532,
            40.8948566
          ],
          [
            29.3130403,
            40.8951331
          ]
        ]
      },
      "properties": {
        "id": 1460139349,
        "type": "way",
        "aeroway": "parking_position",
        "ref": "613L",
        "name": "",
        "surface": "",
        "width": "",
        "length": "",
        "tags": {
          "aeroway": "parking_position",
          "ref": "613L"
        }
      }
    },
    {
      "type": "Feature",
      "geometry": {
        "type": "LineString",
        "coordinates": [
          [
            29.3130403,
            40.8951331
          ],
          [
            29.3131196,
            40.8951369
          ],
          [
            29.3132425,
            40.8951011
          ]
        ]
      },
      "properties": {
        "id": 1460139350,
        "type": "way",
        "aeroway": "parking_position",
        "ref": "",
        "name": "",
        "surface": "",
        "width": "",
        "length": "",
        "tags": {
          "aeroway": "parking_position"
        }
      }
    },
    {
      "type": "Feature",
      "geometry": {
        "type": "LineString",
        "coordinates": [
          [
            29.3121285,
            40.8943737
          ],
          [
            29.3132493,
            40.8947751
          ]
        ]
      },
      "properties": {
        "id": 1460139351,
        "type": "way",
        "aeroway": "parking_position",
        "ref": "614R",
        "name": "",
        "surface": "",
        "width": "",
        "length": "",
        "tags": {
          "aeroway": "parking_position",
          "ref": "614R"
        }
      }
    },
    {
      "type": "Feature",
      "geometry": {
        "type": "LineString",
        "coordinates": [
          [
            29.3132493,
            40.8947751
          ],
          [
            29.3133353,
            40.8947901
          ],
          [
            29.3134639,
            40.8947553
          ]
        ]
      },
      "properties": {
        "id": 1460139352,
        "type": "way",
        "aeroway": "parking_position",
        "ref": "",
        "name": "",
        "surface": "",
        "width": "",
        "length": "",
        "tags": {
          "aeroway": "parking_position"
        }
      }
    },
    {
      "type": "Feature",
      "geometry": {
        "type": "LineString",
        "coordinates": [
          [
            29.3127452,
            40.894377
          ],
          [
            29.3128074,
            40.8944451
          ],
          [
            29.3129554,
            40.8945542
          ],
          [
            29.313122,
            40.8946186
          ],
          [
            29.3133419,
            40.8946178
          ],
          [
            29.3134956,
            40.8945808
          ],
          [
            29.3135933,
            40.8945534
          ]
        ]
      },
      "properties": {
        "id": 1460139353,
        "type": "way",
        "aeroway": "parking_position",
        "ref": "",
        "name": "",
        "surface": "",
        "width": "",
        "length": "",
        "tags": {
          "aeroway": "parking_position"
        }
      }
    },
    {
      "type": "Feature",
      "geometry": {
        "type": "LineString",
        "coordinates": [
          [
            29.3127452,
            40.894377
          ],
          [
            29.312904,
            40.8943802
          ],
          [
            29.3130764,
            40.8943995
          ],
          [
            29.3131951,
            40.8944418
          ],
          [
            29.3133372,
            40.894528
          ],
          [
            29.3134117,
            40.8946759
          ],
          [
            29.3134639,
            40.8947553
          ]
        ]
      },
      "properties": {
        "id": 1460139354,
        "type": "way",
        "aeroway": "parking_position",
        "ref": "",
        "name": "",
        "surface": "",
        "width": "",
        "length": "",
        "tags": {
          "aeroway": "parking_position"
        }
      }
    },
    {
      "type": "Feature",
      "geometry": {
        "type": "LineString",
        "coordinates": [
          [
            29.3126991,
            40.8941425
          ],
          [
            29.3130112,
            40.8942499
          ],
          [
            29.3134653,
            40.8944206
          ]
        ]
      },
      "properties": {
        "id": 1460139355,
        "type": "way",
        "aeroway": "parking_position",
        "ref": "614L",
        "name": "",
        "surface": "",
        "width": "",
        "length": "",
        "tags": {
          "aeroway": "parking_position",
          "ref": "614L"
        }
      }
    },
    {
      "type": "Feature",
      "geometry": {
        "type": "LineString",
        "coordinates": [
          [
            29.3134653,
            40.8944206
          ],
          [
            29.3135138,
            40.8944283
          ],
          [
            29.3135922,
            40.8944317
          ],
          [
            29.3136913,
            40.8944002
          ]
        ]
      },
      "properties": {
        "id": 1460139356,
        "type": "way",
        "aeroway": "parking_position",
        "ref": "",
        "name": "",
        "surface": "",
        "width": "",
        "length": "",
        "tags": {
          "aeroway": "parking_position"
        }
      }
    },
    {
      "type": "Feature",
      "geometry": {
        "type": "LineString",
        "coordinates": [
          [
            29.313705,
            40.8940566
          ],
          [
            29.3125885,
            40.8936587
          ]
        ]
      },
      "properties": {
        "id": 1460139357,
        "type": "way",
        "aeroway": "parking_position",
        "ref": "615",
        "name": "",
        "surface": "",
        "width": "",
        "length": "",
        "tags": {
          "aeroway": "parking_position",
          "ref": "615"
        }
      }
    },
    {
      "type": "Feature",
      "geometry": {
        "type": "LineString",
        "coordinates": [
          [
            29.3139198,
            40.8940435
          ],
          [
            29.3138298,
            40.8940686
          ],
          [
            29.313705,
            40.8940566
          ]
        ]
      },
      "properties": {
        "id": 1460139358,
        "type": "way",
        "aeroway": "parking_position",
        "ref": "",
        "name": "",
        "surface": "",
        "width": "",
        "length": "",
        "tags": {
          "aeroway": "parking_position"
        }
      }
    },
    {
      "type": "Feature",
      "geometry": {
        "type": "LineString",
        "coordinates": [
          [
            29.3127882,
            40.8933122
          ],
          [
            29.313941,
            40.8937221
          ]
        ]
      },
      "properties": {
        "id": 1460139359,
        "type": "way",
        "aeroway": "parking_position",
        "ref": "616",
        "name": "",
        "surface": "",
        "width": "",
        "length": "",
        "tags": {
          "aeroway": "parking_position",
          "ref": "616"
        }
      }
    },
    {
      "type": "Feature",
      "geometry": {
        "type": "LineString",
        "coordinates": [
          [
            29.313941,
            40.8937221
          ],
          [
            29.3140181,
            40.8937273
          ],
          [
            29.3140862,
            40.8937101
          ],
          [
            29.3141567,
            40.8936735
          ]
        ]
      },
      "properties": {
        "id": 1460139360,
        "type": "way",
        "aeroway": "parking_position",
        "ref": "",
        "name": "",
        "surface": "",
        "width": "",
        "length": "",
        "tags": {
          "aeroway": "parking_position"
        }
      }
    },
    {
      "type": "Feature",
      "geometry": {
        "type": "LineString",
        "coordinates": [
          [
            29.3130378,
            40.8929656
          ],
          [
            29.3141202,
            40.8933619
          ]
        ]
      },
      "properties": {
        "id": 1460139361,
        "type": "way",
        "aeroway": "parking_position",
        "ref": "617",
        "name": "",
        "surface": "",
        "width": "",
        "length": "",
        "tags": {
          "aeroway": "parking_position",
          "ref": "617"
        }
      }
    },
    {
      "type": "Feature",
      "geometry": {
        "type": "LineString",
        "coordinates": [
          [
            29.3141202,
            40.8933619
          ],
          [
            29.3142337,
            40.8933773
          ],
          [
            29.3143682,
            40.8933432
          ]
        ]
      },
      "properties": {
        "id": 1460139362,
        "type": "way",
        "aeroway": "parking_position",
        "ref": "",
        "name": "",
        "surface": "",
        "width": "",
        "length": "",
        "tags": {
          "aeroway": "parking_position"
        }
      }
    },
    {
      "type": "Feature",
      "geometry": {
        "type": "LineString",
        "coordinates": [
          [
            29.3118972,
            40.8968756
          ],
          [
            29.31198,
            40.896946
          ],
          [
            29.3120038,
            40.8970354
          ]
        ]
      },
      "properties": {
        "id": 1460139363,
        "type": "way",
        "aeroway": "parking_position",
        "ref": "",
        "name": "",
        "surface": "",
        "width": "",
        "length": "",
        "tags": {
          "aeroway": "parking_position"
        }
      }
    },
    {
      "type": "Feature",
      "geometry": {
        "type": "LineString",
        "coordinates": [
          [
            29.3118455,
            40.8966533
          ],
          [
            29.31192,
            40.896705
          ],
          [
            29.3119904,
            40.8967723
          ],
          [
            29.3120463,
            40.8969209
          ],
          [
            29.312055,
            40.8969554
          ]
        ]
      },
      "properties": {
        "id": 1460139364,
        "type": "way",
        "aeroway": "parking_position",
        "ref": "",
        "name": "",
        "surface": "",
        "width": "",
        "length": "",
        "tags": {
          "aeroway": "parking_position"
        }
      }
    },
    {
      "type": "Feature",
      "geometry": {
        "type": "LineString",
        "coordinates": [
          [
            29.3121229,
            40.8965469
          ],
          [
            29.3122016,
            40.8966258
          ],
          [
            29.3122184,
            40.8967003
          ]
        ]
      },
      "properties": {
        "id": 1460139365,
        "type": "way",
        "aeroway": "parking_position",
        "ref": "",
        "name": "",
        "surface": "",
        "width": "",
        "length": "",
        "tags": {
          "aeroway": "parking_position"
        }
      }
    },
    {
      "type": "Feature",
      "geometry": {
        "type": "LineString",
        "coordinates": [
          [
            29.3123465,
            40.8961917
          ],
          [
            29.3124024,
            40.8962527
          ],
          [
            29.3124553,
            40.8963305
          ]
        ]
      },
      "properties": {
        "id": 1460139366,
        "type": "way",
        "aeroway": "parking_position",
        "ref": "",
        "name": "",
        "surface": "",
        "width": "",
        "length": "",
        "tags": {
          "aeroway": "parking_position"
        }
      }
    },
    {
      "type": "Feature",
      "geometry": {
        "type": "LineString",
        "coordinates": [
          [
            29.312568,
            40.8958412
          ],
          [
            29.312628,
            40.8958865
          ],
          [
            29.3126828,
            40.8959752
          ]
        ]
      },
      "properties": {
        "id": 1460139367,
        "type": "way",
        "aeroway": "parking_position",
        "ref": "",
        "name": "",
        "surface": "",
        "width": "",
        "length": "",
        "tags": {
          "aeroway": "parking_position"
        }
      }
    },
    {
      "type": "Feature",
      "geometry": {
        "type": "LineString",
        "coordinates": [
          [
            29.3128019,
            40.8954922
          ],
          [
            29.3128827,
            40.8955626
          ],
          [
            29.3129091,
            40.8956217
          ]
        ]
      },
      "properties": {
        "id": 1460139368,
        "type": "way",
        "aeroway": "parking_position",
        "ref": "",
        "name": "",
        "surface": "",
        "width": "",
        "length": "",
        "tags": {
          "aeroway": "parking_position"
        }
      }
    },
    {
      "type": "Feature",
      "geometry": {
        "type": "LineString",
        "coordinates": [
          [
            29.3130403,
            40.8951331
          ],
          [
            29.3130993,
            40.8951904
          ],
          [
            29.3131406,
            40.8952602
          ]
        ]
      },
      "properties": {
        "id": 1460139369,
        "type": "way",
        "aeroway": "parking_position",
        "ref": "",
        "name": "",
        "surface": "",
        "width": "",
        "length": "",
        "tags": {
          "aeroway": "parking_position"
        }
      }
    },
    {
      "type": "Feature",
      "geometry": {
        "type": "LineString",
        "coordinates": [
          [
            29.3132493,
            40.8947751
          ],
          [
            29.3133099,
            40.894815
          ],
          [
            29.3133322,
            40.8948582
          ],
          [
            29.313361,
            40.894916
          ]
        ]
      },
      "properties": {
        "id": 1460139370,
        "type": "way",
        "aeroway": "parking_position",
        "ref": "",
        "name": "",
        "surface": "",
        "width": "",
        "length": "",
        "tags": {
          "aeroway": "parking_position"
        }
      }
    },
    {
      "type": "Feature",
      "geometry": {
        "type": "LineString",
        "coordinates": [
          [
            29.3134653,
            40.8944206
          ],
          [
            29.31353,
            40.894463
          ],
          [
            29.31357,
            40.89451
          ],
          [
            29.3135933,
            40.8945534
          ]
        ]
      },
      "properties": {
        "id": 1460139371,
        "type": "way",
        "aeroway": "parking_position",
        "ref": "",
        "name": "",
        "surface": "",
        "width": "",
        "length": "",
        "tags": {
          "aeroway": "parking_position"
        }
      }
    },
    {
      "type": "Feature",
      "geometry": {
        "type": "LineString",
        "coordinates": [
          [
            29.3138141,
            40.8942085
          ],
          [
            29.3137821,
            40.8941201
          ],
          [
            29.313705,
            40.8940566
          ]
        ]
      },
      "properties": {
        "id": 1460139372,
        "type": "way",
        "aeroway": "parking_position",
        "ref": "",
        "name": "",
        "surface": "",
        "width": "",
        "length": "",
        "tags": {
          "aeroway": "parking_position"
        }
      }
    },
    {
      "type": "Feature",
      "geometry": {
        "type": "LineString",
        "coordinates": [
          [
            29.313941,
            40.8937221
          ],
          [
            29.3139727,
            40.8937599
          ],
          [
            29.3140418,
            40.8938529
          ]
        ]
      },
      "properties": {
        "id": 1460139373,
        "type": "way",
        "aeroway": "parking_position",
        "ref": "",
        "name": "",
        "surface": "",
        "width": "",
        "length": "",
        "tags": {
          "aeroway": "parking_position"
        }
      }
    },
    {
      "type": "Feature",
      "geometry": {
        "type": "LineString",
        "coordinates": [
          [
            29.3141202,
            40.8933619
          ],
          [
            29.3142019,
            40.8934151
          ],
          [
            29.3142595,
            40.893513
          ]
        ]
      },
      "properties": {
        "id": 1460139374,
        "type": "way",
        "aeroway": "parking_position",
        "ref": "",
        "name": "",
        "surface": "",
        "width": "",
        "length": "",
        "tags": {
          "aeroway": "parking_position"
        }
      }
    },
    {
      "type": "Feature",
      "geometry": {
        "type": "LineString",
        "coordinates": [
          [
            29.3122669,
            40.8942073
          ],
          [
            29.3127333,
            40.894364
          ],
          [
            29.3127452,
            40.894377
          ]
        ]
      },
      "properties": {
        "id": 1460139375,
        "type": "way",
        "aeroway": "parking_position",
        "ref": "614",
        "name": "",
        "surface": "",
        "width": "",
        "length": "",
        "tags": {
          "aeroway": "parking_position",
          "ref": "614"
        }
      }
    },
    {
      "type": "Feature",
      "geometry": {
        "type": "LineString",
        "coordinates": [
          [
            29.3118167,
            40.8949139
          ],
          [
            29.3122616,
            40.8950757
          ]
        ]
      },
      "properties": {
        "id": 1460139376,
        "type": "way",
        "aeroway": "parking_position",
        "ref": "613",
        "name": "",
        "surface": "",
        "width": "",
        "length": "",
        "tags": {
          "aeroway": "parking_position",
          "ref": "613"
        }
      }
    },
    {
      "type": "Feature",
      "geometry": {
        "type": "LineString",
        "coordinates": [
          [
            29.3113735,
            40.8956205
          ],
          [
            29.3117854,
            40.895766
          ],
          [
            29.3118184,
            40.8957883
          ]
        ]
      },
      "properties": {
        "id": 1460139377,
        "type": "way",
        "aeroway": "parking_position",
        "ref": "612",
        "name": "",
        "surface": "",
        "width": "",
        "length": "",
        "tags": {
          "aeroway": "parking_position",
          "ref": "612"
        }
      }
    },
    {
      "type": "Feature",
      "geometry": {
        "type": "LineString",
        "coordinates": [
          [
            29.3131793,
            40.8973514
          ],
          [
            29.3139839,
            40.8976579
          ]
        ]
      },
      "properties": {
        "id": 1460139378,
        "type": "way",
        "aeroway": "parking_position",
        "ref": "601L",
        "name": "",
        "surface": "",
        "width": "",
        "length": "",
        "tags": {
          "aeroway": "parking_position",
          "ref": "601L"
        }
      }
    },
    {
      "type": "Feature",
      "geometry": {
        "type": "LineString",
        "coordinates": [
          [
            29.3130761,
            40.897191
          ],
          [
            29.3131076,
            40.8972548
          ],
          [
            29.3131793,
            40.8973514
          ]
        ]
      },
      "properties": {
        "id": 1460139379,
        "type": "way",
        "aeroway": "parking_position",
        "ref": "",
        "name": "",
        "surface": "",
        "width": "",
        "length": "",
        "tags": {
          "aeroway": "parking_position"
        }
      }
    },
    {
      "type": "Feature",
      "geometry": {
        "type": "LineString",
        "coordinates": [
          [
            29.313513,
            40.8972713
          ],
          [
            29.3144579,
            40.897606
          ]
        ]
      },
      "properties": {
        "id": 1460139380,
        "type": "way",
        "aeroway": "parking_position",
        "ref": "601",
        "name": "",
        "surface": "",
        "width": "",
        "length": "",
        "tags": {
          "aeroway": "parking_position",
          "ref": "601"
        }
      }
    },
    {
      "type": "Feature",
      "geometry": {
        "type": "LineString",
        "coordinates": [
          [
            29.3132529,
            40.8969162
          ],
          [
            29.3132878,
            40.8970356
          ],
          [
            29.3133009,
            40.8970803
          ],
          [
            29.313513,
            40.8972713
          ]
        ]
      },
      "properties": {
        "id": 1460139381,
        "type": "way",
        "aeroway": "parking_position",
        "ref": "",
        "name": "",
        "surface": "",
        "width": "",
        "length": "",
        "tags": {
          "aeroway": "parking_position"
        }
      }
    },
    {
      "type": "Feature",
      "geometry": {
        "type": "LineString",
        "coordinates": [
          [
            29.3134225,
            40.8970403
          ],
          [
            29.3145109,
            40.8974292
          ]
        ]
      },
      "properties": {
        "id": 1460139382,
        "type": "way",
        "aeroway": "parking_position",
        "ref": "601R",
        "name": "",
        "surface": "",
        "width": "",
        "length": "",
        "tags": {
          "aeroway": "parking_position",
          "ref": "601R"
        }
      }
    },
    {
      "type": "Feature",
      "geometry": {
        "type": "LineString",
        "coordinates": [
          [
            29.3133127,
            40.8968233
          ],
          [
            29.313329,
            40.8969035
          ],
          [
            29.3134225,
            40.8970403
          ]
        ]
      },
      "properties": {
        "id": 1460139383,
        "type": "way",
        "aeroway": "parking_position",
        "ref": "",
        "name": "",
        "surface": "",
        "width": "",
        "length": "",
        "tags": {
          "aeroway": "parking_position"
        }
      }
    },
    {
      "type": "Feature",
      "geometry": {
        "type": "LineString",
        "coordinates": [
          [
            29.3136289,
            40.8966853
          ],
          [
            29.3136689,
            40.8966843
          ],
          [
            29.314408,
            40.8969601
          ]
        ]
      },
      "properties": {
        "id": 1460139384,
        "type": "way",
        "aeroway": "parking_position",
        "ref": "602L",
        "name": "",
        "surface": "",
        "width": "",
        "length": "",
        "tags": {
          "aeroway": "parking_position",
          "ref": "602L"
        }
      }
    },
    {
      "type": "Feature",
      "geometry": {
        "type": "LineString",
        "coordinates": [
          [
            29.3135533,
            40.8964495
          ],
          [
            29.3135348,
            40.8965641
          ],
          [
            29.3136289,
            40.8966853
          ]
        ]
      },
      "properties": {
        "id": 1460139385,
        "type": "way",
        "aeroway": "parking_position",
        "ref": "",
        "name": "",
        "surface": "",
        "width": "",
        "length": "",
        "tags": {
          "aeroway": "parking_position"
        }
      }
    },
    {
      "type": "Feature",
      "geometry": {
        "type": "LineString",
        "coordinates": [
          [
            29.3134764,
            40.8965691
          ],
          [
            29.3136627,
            40.8965099
          ],
          [
            29.3138623,
            40.8964792
          ],
          [
            29.3141086,
            40.8965193
          ],
          [
            29.3142677,
            40.8966277
          ],
          [
            29.31441,
            40.8967372
          ]
        ]
      },
      "properties": {
        "id": 1460139386,
        "type": "way",
        "aeroway": "parking_position",
        "ref": "",
        "name": "",
        "surface": "",
        "width": "",
        "length": "",
        "tags": {
          "aeroway": "parking_position"
        }
      }
    },
    {
      "type": "Feature",
      "geometry": {
        "type": "LineString",
        "coordinates": [
          [
            29.3136728,
            40.8962639
          ],
          [
            29.3137126,
            40.8964533
          ],
          [
            29.3137718,
            40.8965476
          ],
          [
            29.3139465,
            40.8966772
          ],
          [
            29.314118,
            40.8967291
          ],
          [
            29.3142864,
            40.8967362
          ],
          [
            29.31441,
            40.8967372
          ]
        ]
      },
      "properties": {
        "id": 1460139387,
        "type": "way",
        "aeroway": "parking_position",
        "ref": "",
        "name": "",
        "surface": "",
        "width": "",
        "length": "",
        "tags": {
          "aeroway": "parking_position"
        }
      }
    },
    {
      "type": "Feature",
      "geometry": {
        "type": "LineString",
        "coordinates": [
          [
            29.313856,
            40.8963307
          ],
          [
            29.3149538,
            40.8967291
          ]
        ]
      },
      "properties": {
        "id": 1460139388,
        "type": "way",
        "aeroway": "parking_position",
        "ref": "602R",
        "name": "",
        "surface": "",
        "width": "",
        "length": "",
        "tags": {
          "aeroway": "parking_position",
          "ref": "602R"
        }
      }
    },
    {
      "type": "Feature",
      "geometry": {
        "type": "LineString",
        "coordinates": [
          [
            29.3137484,
            40.8961464
          ],
          [
            29.3137968,
            40.8962388
          ],
          [
            29.313856,
            40.8963307
          ]
        ]
      },
      "properties": {
        "id": 1460139389,
        "type": "way",
        "aeroway": "parking_position",
        "ref": "",
        "name": "",
        "surface": "",
        "width": "",
        "length": "",
        "tags": {
          "aeroway": "parking_position"
        }
      }
    },
    {
      "type": "Feature",
      "geometry": {
        "type": "LineString",
        "coordinates": [
          [
            29.3154944,
            40.8938708
          ],
          [
            29.3165608,
            40.894256
          ]
        ]
      },
      "properties": {
        "id": 1460139390,
        "type": "way",
        "aeroway": "parking_position",
        "ref": "607",
        "name": "",
        "surface": "",
        "width": "",
        "length": "",
        "tags": {
          "aeroway": "parking_position",
          "ref": "607"
        }
      }
    },
    {
      "type": "Feature",
      "geometry": {
        "type": "LineString",
        "coordinates": [
          [
            29.3151941,
            40.8939005
          ],
          [
            29.3152884,
            40.8938708
          ],
          [
            29.3153719,
            40.8938561
          ],
          [
            29.3154944,
            40.8938708
          ]
        ]
      },
      "properties": {
        "id": 1460139391,
        "type": "way",
        "aeroway": "parking_position",
        "ref": "",
        "name": "",
        "surface": "",
        "width": "",
        "length": "",
        "tags": {
          "aeroway": "parking_position"
        }
      }
    },
    {
      "type": "Feature",
      "geometry": {
        "type": "LineString",
        "coordinates": [
          [
            29.3152077,
            40.8941886
          ],
          [
            29.3163436,
            40.8946201
          ]
        ]
      },
      "properties": {
        "id": 1460139392,
        "type": "way",
        "aeroway": "parking_position",
        "ref": "606",
        "name": "",
        "surface": "",
        "width": "",
        "length": "",
        "tags": {
          "aeroway": "parking_position",
          "ref": "606"
        }
      }
    },
    {
      "type": "Feature",
      "geometry": {
        "type": "LineString",
        "coordinates": [
          [
            29.3149669,
            40.8942534
          ],
          [
            29.3150991,
            40.8942097
          ],
          [
            29.3152077,
            40.8941886
          ]
        ]
      },
      "properties": {
        "id": 1460139393,
        "type": "way",
        "aeroway": "parking_position",
        "ref": "",
        "name": "",
        "surface": "",
        "width": "",
        "length": "",
        "tags": {
          "aeroway": "parking_position"
        }
      }
    },
    {
      "type": "Feature",
      "geometry": {
        "type": "LineString",
        "coordinates": [
          [
            29.3149682,
            40.8945548
          ],
          [
            29.3150907,
            40.8945822
          ],
          [
            29.3161153,
            40.8949632
          ]
        ]
      },
      "properties": {
        "id": 1460139394,
        "type": "way",
        "aeroway": "parking_position",
        "ref": "605",
        "name": "",
        "surface": "",
        "width": "",
        "length": "",
        "tags": {
          "aeroway": "parking_position",
          "ref": "605"
        }
      }
    },
    {
      "type": "Feature",
      "geometry": {
        "type": "LineString",
        "coordinates": [
          [
            29.314877,
            40.8943931
          ],
          [
            29.3149153,
            40.8944622
          ],
          [
            29.3149682,
            40.8945548
          ]
        ]
      },
      "properties": {
        "id": 1460139395,
        "type": "way",
        "aeroway": "parking_position",
        "ref": "",
        "name": "",
        "surface": "",
        "width": "",
        "length": "",
        "tags": {
          "aeroway": "parking_position"
        }
      }
    },
    {
      "type": "Feature",
      "geometry": {
        "type": "LineString",
        "coordinates": [
          [
            29.3141232,
            40.8959718
          ],
          [
            29.3148558,
            40.8962576
          ]
        ]
      },
      "properties": {
        "id": 1460139396,
        "type": "way",
        "aeroway": "parking_position",
        "ref": "603L",
        "name": "",
        "surface": "",
        "width": "",
        "length": "",
        "tags": {
          "aeroway": "parking_position",
          "ref": "603L"
        }
      }
    },
    {
      "type": "Feature",
      "geometry": {
        "type": "LineString",
        "coordinates": [
          [
            29.3139684,
            40.8958046
          ],
          [
            29.3140094,
            40.8958909
          ],
          [
            29.3141232,
            40.8959718
          ]
        ]
      },
      "properties": {
        "id": 1460139397,
        "type": "way",
        "aeroway": "parking_position",
        "ref": "",
        "name": "",
        "surface": "",
        "width": "",
        "length": "",
        "tags": {
          "aeroway": "parking_position"
        }
      }
    },
    {
      "type": "Feature",
      "geometry": {
        "type": "LineString",
        "coordinates": [
          [
            29.3147639,
            40.8948956
          ],
          [
            29.3158853,
            40.8953203
          ]
        ]
      },
      "properties": {
        "id": 1460139398,
        "type": "way",
        "aeroway": "parking_position",
        "ref": "604R",
        "name": "",
        "surface": "",
        "width": "",
        "length": "",
        "tags": {
          "aeroway": "parking_position",
          "ref": "604R"
        }
      }
    },
    {
      "type": "Feature",
      "geometry": {
        "type": "LineString",
        "coordinates": [
          [
            29.3145124,
            40.8949594
          ],
          [
            29.3146014,
            40.894922
          ],
          [
            29.3147639,
            40.8948956
          ]
        ]
      },
      "properties": {
        "id": 1460139399,
        "type": "way",
        "aeroway": "parking_position",
        "ref": "",
        "name": "",
        "surface": "",
        "width": "",
        "length": "",
        "tags": {
          "aeroway": "parking_position"
        }
      }
    },
    {
      "type": "Feature",
      "geometry": {
        "type": "LineString",
        "coordinates": [
          [
            29.3145887,
            40.8948408
          ],
          [
            29.3145944,
            40.8949571
          ],
          [
            29.3146501,
            40.8950799
          ],
          [
            29.3147964,
            40.8952291
          ],
          [
            29.3149868,
            40.8953098
          ],
          [
            29.3152166,
            40.8953186
          ],
          [
            29.3153281,
            40.8953379
          ]
        ]
      },
      "properties": {
        "id": 1460139400,
        "type": "way",
        "aeroway": "parking_position",
        "ref": "",
        "name": "",
        "surface": "",
        "width": "",
        "length": "",
        "tags": {
          "aeroway": "parking_position"
        }
      }
    },
    {
      "type": "Feature",
      "geometry": {
        "type": "LineString",
        "coordinates": [
          [
            29.3143879,
            40.8951528
          ],
          [
            29.3144969,
            40.8951203
          ],
          [
            29.3146501,
            40.8950799
          ],
          [
            29.314743,
            40.8950641
          ],
          [
            29.3149195,
            40.8950817
          ],
          [
            29.3150657,
            40.8951343
          ],
          [
            29.3151539,
            40.8951975
          ],
          [
            29.3152422,
            40.8952765
          ],
          [
            29.3153281,
            40.8953379
          ]
        ]
      },
      "properties": {
        "id": 1460139401,
        "type": "way",
        "aeroway": "parking_position",
        "ref": "",
        "name": "",
        "surface": "",
        "width": "",
        "length": "",
        "tags": {
          "aeroway": "parking_position"
        }
      }
    },
    {
      "type": "Feature",
      "geometry": {
        "type": "LineString",
        "coordinates": [
          [
            29.3143087,
            40.8956057
          ],
          [
            29.3144304,
            40.8956481
          ],
          [
            29.3154297,
            40.8960197
          ]
        ]
      },
      "properties": {
        "id": 1460139402,
        "type": "way",
        "aeroway": "parking_position",
        "ref": "603R",
        "name": "",
        "surface": "",
        "width": "",
        "length": "",
        "tags": {
          "aeroway": "parking_position",
          "ref": "603R"
        }
      }
    },
    {
      "type": "Feature",
      "geometry": {
        "type": "LineString",
        "coordinates": [
          [
            29.3142044,
            40.895438
          ],
          [
            29.3142525,
            40.8955367
          ],
          [
            29.3143087,
            40.8956057
          ]
        ]
      },
      "properties": {
        "id": 1460139403,
        "type": "way",
        "aeroway": "parking_position",
        "ref": "",
        "name": "",
        "surface": "",
        "width": "",
        "length": "",
        "tags": {
          "aeroway": "parking_position"
        }
      }
    },
    {
      "type": "Feature",
      "geometry": {
        "type": "LineString",
        "coordinates": [
          [
            29.3139108,
            40.8958941
          ],
          [
            29.314091,
            40.8958021
          ],
          [
            29.3142221,
            40.8957755
          ],
          [
            29.3143906,
            40.8957667
          ],
          [
            29.3145614,
            40.8958144
          ],
          [
            29.3146785,
            40.8958852
          ],
          [
            29.314875,
            40.896032
          ]
        ]
      },
      "properties": {
        "id": 1460139404,
        "type": "way",
        "aeroway": "parking_position",
        "ref": "",
        "name": "",
        "surface": "",
        "width": "",
        "length": "",
        "tags": {
          "aeroway": "parking_position"
        }
      }
    },
    {
      "type": "Feature",
      "geometry": {
        "type": "LineString",
        "coordinates": [
          [
            29.3141325,
            40.8955497
          ],
          [
            29.314201,
            40.8958074
          ],
          [
            29.314297,
            40.8958976
          ],
          [
            29.3144163,
            40.8959754
          ],
          [
            29.3145965,
            40.8960179
          ],
          [
            29.314875,
            40.896032
          ]
        ]
      },
      "properties": {
        "id": 1460139405,
        "type": "way",
        "aeroway": "parking_position",
        "ref": "",
        "name": "",
        "surface": "",
        "width": "",
        "length": "",
        "tags": {
          "aeroway": "parking_position"
        }
      }
    },
    {
      "type": "Feature",
      "geometry": {
        "type": "LineString",
        "coordinates": [
          [
            29.3145361,
            40.8952595
          ],
          [
            29.3153166,
            40.8955411
          ]
        ]
      },
      "properties": {
        "id": 1460139406,
        "type": "way",
        "aeroway": "parking_position",
        "ref": "604L",
        "name": "",
        "surface": "",
        "width": "",
        "length": "",
        "tags": {
          "aeroway": "parking_position",
          "ref": "604L"
        }
      }
    },
    {
      "type": "Feature",
      "geometry": {
        "type": "LineString",
        "coordinates": [
          [
            29.3144406,
            40.895071
          ],
          [
            29.3144625,
            40.8951645
          ],
          [
            29.3145361,
            40.8952595
          ]
        ]
      },
      "properties": {
        "id": 1460139407,
        "type": "way",
        "aeroway": "parking_position",
        "ref": "",
        "name": "",
        "surface": "",
        "width": "",
        "length": "",
        "tags": {
          "aeroway": "parking_position"
        }
      }
    },
    {
      "type": "Feature",
      "geometry": {
        "type": "LineString",
        "coordinates": [
          [
            29.3147245,
            40.8946299
          ],
          [
            29.3148401,
            40.8945654
          ],
          [
            29.3149682,
            40.8945548
          ]
        ]
      },
      "properties": {
        "id": 1460139408,
        "type": "way",
        "aeroway": "parking_position",
        "ref": "",
        "name": "",
        "surface": "",
        "width": "",
        "length": "",
        "tags": {
          "aeroway": "parking_position"
        }
      }
    },
    {
      "type": "Feature",
      "geometry": {
        "type": "LineString",
        "coordinates": [
          [
            29.3151014,
            40.8940444
          ],
          [
            29.3151269,
            40.8941002
          ],
          [
            29.3152077,
            40.8941886
          ]
        ]
      },
      "properties": {
        "id": 1460139409,
        "type": "way",
        "aeroway": "parking_position",
        "ref": "",
        "name": "",
        "surface": "",
        "width": "",
        "length": "",
        "tags": {
          "aeroway": "parking_position"
        }
      }
    },
    {
      "type": "Feature",
      "geometry": {
        "type": "LineString",
        "coordinates": [
          [
            29.3153308,
            40.893688
          ],
          [
            29.3154165,
            40.8938056
          ],
          [
            29.3154944,
            40.8938708
          ]
        ]
      },
      "properties": {
        "id": 1460139410,
        "type": "way",
        "aeroway": "parking_position",
        "ref": "",
        "name": "",
        "surface": "",
        "width": "",
        "length": "",
        "tags": {
          "aeroway": "parking_position"
        }
      }
    },
    {
      "type": "Feature",
      "geometry": {
        "type": "LineString",
        "coordinates": [
          [
            29.3146955,
            40.8946749
          ],
          [
            29.314678,
            40.8947763
          ],
          [
            29.3147639,
            40.8948956
          ]
        ]
      },
      "properties": {
        "id": 1460139411,
        "type": "way",
        "aeroway": "parking_position",
        "ref": "",
        "name": "",
        "surface": "",
        "width": "",
        "length": "",
        "tags": {
          "aeroway": "parking_position"
        }
      }
    },
    {
      "type": "Feature",
      "geometry": {
        "type": "LineString",
        "coordinates": [
          [
            29.3153281,
            40.8953379
          ],
          [
            29.3157645,
            40.8954906
          ]
        ]
      },
      "properties": {
        "id": 1460139412,
        "type": "way",
        "aeroway": "parking_position",
        "ref": "604",
        "name": "",
        "surface": "",
        "width": "",
        "length": "",
        "tags": {
          "aeroway": "parking_position",
          "ref": "604"
        }
      }
    },
    {
      "type": "Feature",
      "geometry": {
        "type": "LineString",
        "coordinates": [
          [
            29.3142906,
            40.895304
          ],
          [
            29.3143961,
            40.8952703
          ],
          [
            29.3145361,
            40.8952595
          ]
        ]
      },
      "properties": {
        "id": 1460139413,
        "type": "way",
        "aeroway": "parking_position",
        "ref": "",
        "name": "",
        "surface": "",
        "width": "",
        "length": "",
        "tags": {
          "aeroway": "parking_position"
        }
      }
    },
    {
      "type": "Feature",
      "geometry": {
        "type": "LineString",
        "coordinates": [
          [
            29.3140505,
            40.8956771
          ],
          [
            29.3141659,
            40.8956251
          ],
          [
            29.3143087,
            40.8956057
          ]
        ]
      },
      "properties": {
        "id": 1460139414,
        "type": "way",
        "aeroway": "parking_position",
        "ref": "",
        "name": "",
        "surface": "",
        "width": "",
        "length": "",
        "tags": {
          "aeroway": "parking_position"
        }
      }
    },
    {
      "type": "Feature",
      "geometry": {
        "type": "LineString",
        "coordinates": [
          [
            29.314875,
            40.896032
          ],
          [
            29.315308,
            40.8962036
          ]
        ]
      },
      "properties": {
        "id": 1460139415,
        "type": "way",
        "aeroway": "parking_position",
        "ref": "603",
        "name": "",
        "surface": "",
        "width": "",
        "length": "",
        "tags": {
          "aeroway": "parking_position",
          "ref": "603"
        }
      }
    },
    {
      "type": "Feature",
      "geometry": {
        "type": "LineString",
        "coordinates": [
          [
            29.3138349,
            40.8960121
          ],
          [
            29.313976,
            40.8959668
          ],
          [
            29.3141232,
            40.8959718
          ]
        ]
      },
      "properties": {
        "id": 1460139416,
        "type": "way",
        "aeroway": "parking_position",
        "ref": "",
        "name": "",
        "surface": "",
        "width": "",
        "length": "",
        "tags": {
          "aeroway": "parking_position"
        }
      }
    },
    {
      "type": "Feature",
      "geometry": {
        "type": "LineString",
        "coordinates": [
          [
            29.3133621,
            40.8967466
          ],
          [
            29.3134787,
            40.896689
          ],
          [
            29.3136289,
            40.8966853
          ]
        ]
      },
      "properties": {
        "id": 1460139417,
        "type": "way",
        "aeroway": "parking_position",
        "ref": "",
        "name": "",
        "surface": "",
        "width": "",
        "length": "",
        "tags": {
          "aeroway": "parking_position"
        }
      }
    },
    {
      "type": "Feature",
      "geometry": {
        "type": "LineString",
        "coordinates": [
          [
            29.31441,
            40.8967372
          ],
          [
            29.3144392,
            40.8967597
          ],
          [
            29.3148197,
            40.8969082
          ]
        ]
      },
      "properties": {
        "id": 1460139418,
        "type": "way",
        "aeroway": "parking_position",
        "ref": "602",
        "name": "",
        "surface": "",
        "width": "",
        "length": "",
        "tags": {
          "aeroway": "parking_position",
          "ref": "602"
        }
      }
    },
    {
      "type": "Feature",
      "geometry": {
        "type": "LineString",
        "coordinates": [
          [
            29.3136149,
            40.8963538
          ],
          [
            29.31375,
            40.8963331
          ],
          [
            29.313856,
            40.8963307
          ]
        ]
      },
      "properties": {
        "id": 1460139419,
        "type": "way",
        "aeroway": "parking_position",
        "ref": "",
        "name": "",
        "surface": "",
        "width": "",
        "length": "",
        "tags": {
          "aeroway": "parking_position"
        }
      }
    },
    {
      "type": "Feature",
      "geometry": {
        "type": "LineString",
        "coordinates": [
          [
            29.3129961,
            40.8973153
          ],
          [
            29.3131637,
            40.8972713
          ],
          [
            29.3133664,
            40.8972524
          ],
          [
            29.313513,
            40.8972713
          ]
        ]
      },
      "properties": {
        "id": 1460139420,
        "type": "way",
        "aeroway": "parking_position",
        "ref": "",
        "name": "",
        "surface": "",
        "width": "",
        "length": "",
        "tags": {
          "aeroway": "parking_position"
        }
      }
    },
    {
      "type": "Feature",
      "geometry": {
        "type": "LineString",
        "coordinates": [
          [
            29.3129557,
            40.8973779
          ],
          [
            29.3131044,
            40.8973609
          ],
          [
            29.3131793,
            40.8973514
          ]
        ]
      },
      "properties": {
        "id": 1460139421,
        "type": "way",
        "aeroway": "parking_position",
        "ref": "",
        "name": "",
        "surface": "",
        "width": "",
        "length": "",
        "tags": {
          "aeroway": "parking_position"
        }
      }
    },
    {
      "type": "Feature",
      "geometry": {
        "type": "LineString",
        "coordinates": [
          [
            29.3131425,
            40.8970877
          ],
          [
            29.3132878,
            40.8970356
          ],
          [
            29.3134225,
            40.8970403
          ]
        ]
      },
      "properties": {
        "id": 1460139422,
        "type": "way",
        "aeroway": "parking_position",
        "ref": "",
        "name": "",
        "surface": "",
        "width": "",
        "length": "",
        "tags": {
          "aeroway": "parking_position"
        }
      }
    },
    {
      "type": "Feature",
      "geometry": {
        "type": "LineString",
        "coordinates": [
          [
            29.3207295,
            40.8957887
          ],
          [
            29.3218545,
            40.8962227
          ],
          [
            29.321929,
            40.8962806
          ],
          [
            29.3219868,
            40.8963939
          ]
        ]
      },
      "properties": {
        "id": 1460236432,
        "type": "way",
        "aeroway": "parking_position",
        "ref": "",
        "name": "",
        "surface": "",
        "width": "",
        "length": "",
        "tags": {
          "aeroway": "parking_position"
        }
      }
    },
    {
      "type": "Feature",
      "geometry": {
        "type": "LineString",
        "coordinates": [
          [
            29.3218545,
            40.8962227
          ],
          [
            29.3219375,
            40.8962388
          ],
          [
            29.3220268,
            40.8962356
          ],
          [
            29.3221197,
            40.8961864
          ]
        ]
      },
      "properties": {
        "id": 1460236433,
        "type": "way",
        "aeroway": "parking_position",
        "ref": "",
        "name": "",
        "surface": "",
        "width": "",
        "length": "",
        "tags": {
          "aeroway": "parking_position"
        }
      }
    },
    {
      "type": "Feature",
      "geometry": {
        "type": "LineString",
        "coordinates": [
          [
            29.3205423,
            40.8961632
          ],
          [
            29.3216057,
            40.89657
          ],
          [
            29.3216674,
            40.8966037
          ],
          [
            29.3217184,
            40.8966552
          ],
          [
            29.3217397,
            40.8967179
          ],
          [
            29.3217563,
            40.8967538
          ]
        ]
      },
      "properties": {
        "id": 1460236434,
        "type": "way",
        "aeroway": "parking_position",
        "ref": "",
        "name": "",
        "surface": "",
        "width": "",
        "length": "",
        "tags": {
          "aeroway": "parking_position"
        }
      }
    },
    {
      "type": "Feature",
      "geometry": {
        "type": "LineString",
        "coordinates": [
          [
            29.3216674,
            40.8966037
          ],
          [
            29.3217404,
            40.8965968
          ],
          [
            29.3218109,
            40.8965794
          ],
          [
            29.3218839,
            40.8965546
          ]
        ]
      },
      "properties": {
        "id": 1460236435,
        "type": "way",
        "aeroway": "parking_position",
        "ref": "",
        "name": "",
        "surface": "",
        "width": "",
        "length": "",
        "tags": {
          "aeroway": "parking_position"
        }
      }
    },
    {
      "type": "Feature",
      "geometry": {
        "type": "LineString",
        "coordinates": [
          [
            29.3203119,
            40.8965097
          ],
          [
            29.321401,
            40.896946
          ],
          [
            29.3214622,
            40.8969707
          ],
          [
            29.3214867,
            40.8970154
          ],
          [
            29.3215347,
            40.8970999
          ]
        ]
      },
      "properties": {
        "id": 1460236436,
        "type": "way",
        "aeroway": "parking_position",
        "ref": "",
        "name": "",
        "surface": "",
        "width": "",
        "length": "",
        "tags": {
          "aeroway": "parking_position"
        }
      }
    },
    {
      "type": "Feature",
      "geometry": {
        "type": "LineString",
        "coordinates": [
          [
            29.321401,
            40.896946
          ],
          [
            29.3214847,
            40.8969475
          ],
          [
            29.321552,
            40.8969414
          ],
          [
            29.3216488,
            40.8969216
          ]
        ]
      },
      "properties": {
        "id": 1460236437,
        "type": "way",
        "aeroway": "parking_position",
        "ref": "",
        "name": "",
        "surface": "",
        "width": "",
        "length": "",
        "tags": {
          "aeroway": "parking_position"
        }
      }
    },
    {
      "type": "Feature",
      "geometry": {
        "type": "LineString",
        "coordinates": [
          [
            29.3204465,
            40.8969922
          ],
          [
            29.321193,
            40.8973006
          ],
          [
            29.321244,
            40.8973345
          ],
          [
            29.3212685,
            40.897373
          ],
          [
            29.3212909,
            40.8974208
          ],
          [
            29.3213031,
            40.8974616
          ]
        ]
      },
      "properties": {
        "id": 1460236438,
        "type": "way",
        "aeroway": "parking_position",
        "ref": "",
        "name": "",
        "surface": "",
        "width": "",
        "length": "",
        "tags": {
          "aeroway": "parking_position"
        }
      }
    },
    {
      "type": "Feature",
      "geometry": {
        "type": "LineString",
        "coordinates": [
          [
            29.321193,
            40.8973006
          ],
          [
            29.3212685,
            40.8973083
          ],
          [
            29.3213725,
            40.897296
          ],
          [
            29.3214302,
            40.8972631
          ]
        ]
      },
      "properties": {
        "id": 1460236439,
        "type": "way",
        "aeroway": "parking_position",
        "ref": "",
        "name": "",
        "surface": "",
        "width": "",
        "length": "",
        "tags": {
          "aeroway": "parking_position"
        }
      }
    },
    {
      "type": "Feature",
      "geometry": {
        "type": "LineString",
        "coordinates": [
          [
            29.3213305,
            40.8974187
          ],
          [
            29.3212254,
            40.8974529
          ],
          [
            29.321111,
            40.8974857
          ],
          [
            29.3210911,
            40.8974914
          ],
          [
            29.3209722,
            40.8975004
          ],
          [
            29.3207207,
            40.8974092
          ],
          [
            29.3205049,
            40.897241
          ],
          [
            29.3200036,
            40.897056
          ]
        ]
      },
      "properties": {
        "id": 1460236440,
        "type": "way",
        "aeroway": "parking_position",
        "ref": "",
        "name": "",
        "surface": "",
        "width": "",
        "length": "",
        "tags": {
          "aeroway": "parking_position"
        }
      }
    },
    {
      "type": "Feature",
      "geometry": {
        "type": "LineString",
        "coordinates": [
          [
            29.3211662,
            40.8976753
          ],
          [
            29.3211421,
            40.8975467
          ],
          [
            29.321111,
            40.8974857
          ],
          [
            29.3210163,
            40.8973746
          ],
          [
            29.3208515,
            40.8972744
          ],
          [
            29.3206595,
            40.8972217
          ],
          [
            29.3205049,
            40.897241
          ]
        ]
      },
      "properties": {
        "id": 1460236441,
        "type": "way",
        "aeroway": "parking_position",
        "ref": "",
        "name": "",
        "surface": "",
        "width": "",
        "length": "",
        "tags": {
          "aeroway": "parking_position"
        }
      }
    },
    {
      "type": "Feature",
      "geometry": {
        "type": "LineString",
        "coordinates": [
          [
            29.3198642,
            40.8972153
          ],
          [
            29.3209127,
            40.8976237
          ],
          [
            29.3209642,
            40.8976619
          ],
          [
            29.3210028,
            40.8976905
          ],
          [
            29.3210554,
            40.8977599
          ],
          [
            29.3210683,
            40.8978282
          ]
        ]
      },
      "properties": {
        "id": 1460236442,
        "type": "way",
        "aeroway": "parking_position",
        "ref": "",
        "name": "",
        "surface": "",
        "width": "",
        "length": "",
        "tags": {
          "aeroway": "parking_position"
        }
      }
    },
    {
      "type": "Feature",
      "geometry": {
        "type": "LineString",
        "coordinates": [
          [
            29.3209642,
            40.8976619
          ],
          [
            29.3210469,
            40.897661
          ],
          [
            29.3211336,
            40.8976533
          ],
          [
            29.321197,
            40.8976272
          ]
        ]
      },
      "properties": {
        "id": 1460236443,
        "type": "way",
        "aeroway": "parking_position",
        "ref": "",
        "name": "",
        "surface": "",
        "width": "",
        "length": "",
        "tags": {
          "aeroway": "parking_position"
        }
      }
    },
    {
      "type": "Feature",
      "geometry": {
        "type": "LineString",
        "coordinates": [
          [
            29.3199968,
            40.8976957
          ],
          [
            29.3207784,
            40.8979808
          ],
          [
            29.3208532,
            40.8979847
          ],
          [
            29.3209195,
            40.8979718
          ],
          [
            29.3209937,
            40.8979446
          ]
        ]
      },
      "properties": {
        "id": 1460236444,
        "type": "way",
        "aeroway": "parking_position",
        "ref": "",
        "name": "",
        "surface": "",
        "width": "",
        "length": "",
        "tags": {
          "aeroway": "parking_position"
        }
      }
    },
    {
      "type": "Feature",
      "geometry": {
        "type": "LineString",
        "coordinates": [
          [
            29.3207784,
            40.8979808
          ],
          [
            29.3208328,
            40.8980502
          ],
          [
            29.3208619,
            40.8981289
          ],
          [
            29.3208669,
            40.8981426
          ]
        ]
      },
      "properties": {
        "id": 1460236445,
        "type": "way",
        "aeroway": "parking_position",
        "ref": "",
        "name": "",
        "surface": "",
        "width": "",
        "length": "",
        "tags": {
          "aeroway": "parking_position"
        }
      }
    },
    {
      "type": "Feature",
      "geometry": {
        "type": "LineString",
        "coordinates": [
          [
            29.3185236,
            40.8993181
          ],
          [
            29.3196095,
            40.8997233
          ],
          [
            29.3196996,
            40.8997704
          ],
          [
            29.3197343,
            40.8998333
          ],
          [
            29.3197506,
            40.8998858
          ]
        ]
      },
      "properties": {
        "id": 1460236446,
        "type": "way",
        "aeroway": "parking_position",
        "ref": "",
        "name": "",
        "surface": "",
        "width": "",
        "length": "",
        "tags": {
          "aeroway": "parking_position"
        }
      }
    },
    {
      "type": "Feature",
      "geometry": {
        "type": "LineString",
        "coordinates": [
          [
            29.3196095,
            40.8997233
          ],
          [
            29.3197181,
            40.8997303
          ],
          [
            29.3198221,
            40.8997058
          ],
          [
            29.3198843,
            40.899677
          ]
        ]
      },
      "properties": {
        "id": 1460236447,
        "type": "way",
        "aeroway": "parking_position",
        "ref": "",
        "name": "",
        "surface": "",
        "width": "",
        "length": "",
        "tags": {
          "aeroway": "parking_position"
        }
      }
    },
    {
      "type": "Feature",
      "geometry": {
        "type": "LineString",
        "coordinates": [
          [
            29.3186599,
            40.8991627
          ],
          [
            29.3195818,
            40.8994945
          ],
          [
            29.319658,
            40.8995626
          ],
          [
            29.3197666,
            40.8996884
          ],
          [
            29.3197947,
            40.899817
          ]
        ]
      },
      "properties": {
        "id": 1460236448,
        "type": "way",
        "aeroway": "parking_position",
        "ref": "",
        "name": "",
        "surface": "",
        "width": "",
        "length": "",
        "tags": {
          "aeroway": "parking_position"
        }
      }
    },
    {
      "type": "Feature",
      "geometry": {
        "type": "LineString",
        "coordinates": [
          [
            29.3195818,
            40.8994945
          ],
          [
            29.3197088,
            40.8995294
          ],
          [
            29.319859,
            40.899491
          ],
          [
            29.3200298,
            40.8994499
          ]
        ]
      },
      "properties": {
        "id": 1460236449,
        "type": "way",
        "aeroway": "parking_position",
        "ref": "",
        "name": "",
        "surface": "",
        "width": "",
        "length": "",
        "tags": {
          "aeroway": "parking_position"
        }
      }
    },
    {
      "type": "Feature",
      "geometry": {
        "type": "LineString",
        "coordinates": [
          [
            29.3190781,
            40.8991243
          ],
          [
            29.3198452,
            40.8993932
          ],
          [
            29.3199122,
            40.8994491
          ],
          [
            29.3199583,
            40.8995616
          ]
        ]
      },
      "properties": {
        "id": 1460236450,
        "type": "way",
        "aeroway": "parking_position",
        "ref": "",
        "name": "",
        "surface": "",
        "width": "",
        "length": "",
        "tags": {
          "aeroway": "parking_position"
        }
      }
    },
    {
      "type": "Feature",
      "geometry": {
        "type": "LineString",
        "coordinates": [
          [
            29.3198452,
            40.8993932
          ],
          [
            29.3199653,
            40.8994055
          ],
          [
            29.3200803,
            40.8993711
          ]
        ]
      },
      "properties": {
        "id": 1460236451,
        "type": "way",
        "aeroway": "parking_position",
        "ref": "",
        "name": "",
        "surface": "",
        "width": "",
        "length": "",
        "tags": {
          "aeroway": "parking_position"
        }
      }
    },
    {
      "type": "Feature",
      "geometry": {
        "type": "LineString",
        "coordinates": [
          [
            29.3189487,
            40.8986353
          ],
          [
            29.3200785,
            40.8990509
          ],
          [
            29.3201363,
            40.8991173
          ],
          [
            29.3201802,
            40.8992151
          ]
        ]
      },
      "properties": {
        "id": 1460236452,
        "type": "way",
        "aeroway": "parking_position",
        "ref": "",
        "name": "",
        "surface": "",
        "width": "",
        "length": "",
        "tags": {
          "aeroway": "parking_position"
        }
      }
    },
    {
      "type": "Feature",
      "geometry": {
        "type": "LineString",
        "coordinates": [
          [
            29.3200785,
            40.8990509
          ],
          [
            29.3201779,
            40.8990562
          ],
          [
            29.3203121,
            40.8990091
          ]
        ]
      },
      "properties": {
        "id": 1460236453,
        "type": "way",
        "aeroway": "parking_position",
        "ref": "",
        "name": "",
        "surface": "",
        "width": "",
        "length": "",
        "tags": {
          "aeroway": "parking_position"
        }
      }
    },
    {
      "type": "Feature",
      "geometry": {
        "type": "LineString",
        "coordinates": [
          [
            29.3195379,
            40.8984118
          ],
          [
            29.3202749,
            40.8986964
          ],
          [
            29.3203673,
            40.8987541
          ],
          [
            29.3204003,
            40.8988713
          ]
        ]
      },
      "properties": {
        "id": 1460236454,
        "type": "way",
        "aeroway": "parking_position",
        "ref": "",
        "name": "",
        "surface": "",
        "width": "",
        "length": "",
        "tags": {
          "aeroway": "parking_position"
        }
      }
    },
    {
      "type": "Feature",
      "geometry": {
        "type": "LineString",
        "coordinates": [
          [
            29.3202749,
            40.8986964
          ],
          [
            29.3203927,
            40.8987052
          ],
          [
            29.3204667,
            40.8986912
          ],
          [
            29.3205416,
            40.8986506
          ]
        ]
      },
      "properties": {
        "id": 1460236455,
        "type": "way",
        "aeroway": "parking_position",
        "ref": "",
        "name": "",
        "surface": "",
        "width": "",
        "length": "",
        "tags": {
          "aeroway": "parking_position"
        }
      }
    },
    {
      "type": "Feature",
      "geometry": {
        "type": "LineString",
        "coordinates": [
          [
            29.3194016,
            40.8979333
          ],
          [
            29.3205106,
            40.8983437
          ],
          [
            29.3205891,
            40.8983891
          ],
          [
            29.3206384,
            40.8984995
          ]
        ]
      },
      "properties": {
        "id": 1460236456,
        "type": "way",
        "aeroway": "parking_position",
        "ref": "",
        "name": "",
        "surface": "",
        "width": "",
        "length": "",
        "tags": {
          "aeroway": "parking_position"
        }
      }
    },
    {
      "type": "Feature",
      "geometry": {
        "type": "LineString",
        "coordinates": [
          [
            29.3205106,
            40.8983437
          ],
          [
            29.3206515,
            40.8983402
          ],
          [
            29.320778,
            40.8982814
          ]
        ]
      },
      "properties": {
        "id": 1460236457,
        "type": "way",
        "aeroway": "parking_position",
        "ref": "",
        "name": "",
        "surface": "",
        "width": "",
        "length": "",
        "tags": {
          "aeroway": "parking_position"
        }
      }
    },
    {
      "type": "Feature",
      "geometry": {
        "type": "LineString",
        "coordinates": [
          [
            29.3195448,
            40.8977604
          ],
          [
            29.3200184,
            40.897935
          ],
          [
            29.320164,
            40.898052
          ],
          [
            29.3203211,
            40.8981358
          ],
          [
            29.3204967,
            40.8981708
          ],
          [
            29.3208619,
            40.8981289
          ]
        ]
      },
      "properties": {
        "id": 1460236458,
        "type": "way",
        "aeroway": "parking_position",
        "ref": "",
        "name": "",
        "surface": "",
        "width": "",
        "length": "",
        "tags": {
          "aeroway": "parking_position"
        }
      }
    },
    {
      "type": "Feature",
      "geometry": {
        "type": "LineString",
        "coordinates": [
          [
            29.3207483,
            40.8983278
          ],
          [
            29.3206954,
            40.8982127
          ],
          [
            29.3206353,
            40.8980992
          ],
          [
            29.3205106,
            40.8980084
          ],
          [
            29.3202772,
            40.897949
          ],
          [
            29.3200184,
            40.897935
          ]
        ]
      },
      "properties": {
        "id": 1460236459,
        "type": "way",
        "aeroway": "parking_position",
        "ref": "",
        "name": "",
        "surface": "",
        "width": "",
        "length": "",
        "tags": {
          "aeroway": "parking_position"
        }
      }
    },
    {
      "type": "Feature",
      "geometry": {
        "type": "LineString",
        "coordinates": [
          [
            29.3202666,
            40.8990801
          ],
          [
            29.3202235,
            40.8989305
          ],
          [
            29.3201506,
            40.8988049
          ],
          [
            29.3199962,
            40.8986992
          ],
          [
            29.3198155,
            40.8986397
          ],
          [
            29.3194977,
            40.8986
          ],
          [
            29.319113,
            40.89847
          ]
        ]
      },
      "properties": {
        "id": 1460236460,
        "type": "way",
        "aeroway": "parking_position",
        "ref": "",
        "name": "",
        "surface": "",
        "width": "",
        "length": "",
        "tags": {
          "aeroway": "parking_position"
        }
      }
    },
    {
      "type": "Feature",
      "geometry": {
        "type": "LineString",
        "coordinates": [
          [
            29.3204449,
            40.8988017
          ],
          [
            29.3203022,
            40.8988622
          ],
          [
            29.3201623,
            40.8988864
          ],
          [
            29.3199233,
            40.8988688
          ],
          [
            29.3197688,
            40.8987983
          ],
          [
            29.3194977,
            40.8986
          ]
        ]
      },
      "properties": {
        "id": 1460236461,
        "type": "way",
        "aeroway": "parking_position",
        "ref": "",
        "name": "",
        "surface": "",
        "width": "",
        "length": "",
        "tags": {
          "aeroway": "parking_position"
        }
      }
    },
    {
      "type": "Feature",
      "geometry": {
        "type": "LineString",
        "coordinates": [
          [
            29.3240311,
            40.9082634
          ],
          [
            29.3234671,
            40.9091264
          ]
        ]
      },
      "properties": {
        "id": 1460236462,
        "type": "way",
        "aeroway": "parking_position",
        "ref": "403B",
        "name": "",
        "surface": "",
        "width": "",
        "length": "",
        "tags": {
          "aeroway": "parking_position",
          "ref": "403B"
        }
      }
    },
    {
      "type": "Feature",
      "geometry": {
        "type": "LineString",
        "coordinates": [
          [
            29.3244268,
            40.9081818
          ],
          [
            29.3242505,
            40.9081773
          ],
          [
            29.3240311,
            40.9082634
          ]
        ]
      },
      "properties": {
        "id": 1460236463,
        "type": "way",
        "aeroway": "parking_position",
        "ref": "",
        "name": "",
        "surface": "",
        "width": "",
        "length": "",
        "tags": {
          "aeroway": "parking_position"
        }
      }
    },
    {
      "type": "Feature",
      "geometry": {
        "type": "LineString",
        "coordinates": [
          [
            29.3236115,
            40.9081017
          ],
          [
            29.323167,
            40.9087946
          ]
        ]
      },
      "properties": {
        "id": 1460236464,
        "type": "way",
        "aeroway": "parking_position",
        "ref": "403A",
        "name": "",
        "surface": "",
        "width": "",
        "length": "",
        "tags": {
          "aeroway": "parking_position",
          "ref": "403A"
        }
      }
    },
    {
      "type": "Feature",
      "geometry": {
        "type": "LineString",
        "coordinates": [
          [
            29.3235466,
            40.9078492
          ],
          [
            29.3236004,
            40.9079316
          ],
          [
            29.3236115,
            40.9081017
          ]
        ]
      },
      "properties": {
        "id": 1460236465,
        "type": "way",
        "aeroway": "parking_position",
        "ref": "",
        "name": "",
        "surface": "",
        "width": "",
        "length": "",
        "tags": {
          "aeroway": "parking_position"
        }
      }
    },
    {
      "type": "Feature",
      "geometry": {
        "type": "LineString",
        "coordinates": [
          [
            29.3225669,
            40.9087946
          ],
          [
            29.3231309,
            40.9079211
          ]
        ]
      },
      "properties": {
        "id": 1460236466,
        "type": "way",
        "aeroway": "parking_position",
        "ref": "402B",
        "name": "",
        "surface": "",
        "width": "",
        "length": "",
        "tags": {
          "aeroway": "parking_position",
          "ref": "402B"
        }
      }
    },
    {
      "type": "Feature",
      "geometry": {
        "type": "LineString",
        "coordinates": [
          [
            29.3231309,
            40.9079211
          ],
          [
            29.3231392,
            40.9077847
          ],
          [
            29.3230527,
            40.9076634
          ]
        ]
      },
      "properties": {
        "id": 1460236467,
        "type": "way",
        "aeroway": "parking_position",
        "ref": "",
        "name": "",
        "surface": "",
        "width": "",
        "length": "",
        "tags": {
          "aeroway": "parking_position"
        }
      }
    },
    {
      "type": "Feature",
      "geometry": {
        "type": "LineString",
        "coordinates": [
          [
            29.3222752,
            40.9084104
          ],
          [
            29.3227114,
            40.9077448
          ]
        ]
      },
      "properties": {
        "id": 1460236468,
        "type": "way",
        "aeroway": "parking_position",
        "ref": "402A",
        "name": "",
        "surface": "",
        "width": "",
        "length": "",
        "tags": {
          "aeroway": "parking_position",
          "ref": "402A"
        }
      }
    },
    {
      "type": "Feature",
      "geometry": {
        "type": "LineString",
        "coordinates": [
          [
            29.3227114,
            40.9077448
          ],
          [
            29.3227253,
            40.9076566
          ],
          [
            29.3226697,
            40.9075831
          ],
          [
            29.322599,
            40.907499
          ]
        ]
      },
      "properties": {
        "id": 1460236469,
        "type": "way",
        "aeroway": "parking_position",
        "ref": "",
        "name": "",
        "surface": "",
        "width": "",
        "length": "",
        "tags": {
          "aeroway": "parking_position"
        }
      }
    },
    {
      "type": "Feature",
      "geometry": {
        "type": "LineString",
        "coordinates": [
          [
            29.321689,
            40.9084566
          ],
          [
            29.3222446,
            40.9075852
          ]
        ]
      },
      "properties": {
        "id": 1460236470,
        "type": "way",
        "aeroway": "parking_position",
        "ref": "401B",
        "name": "",
        "surface": "",
        "width": "",
        "length": "",
        "tags": {
          "aeroway": "parking_position",
          "ref": "401B"
        }
      }
    },
    {
      "type": "Feature",
      "geometry": {
        "type": "LineString",
        "coordinates": [
          [
            29.3222446,
            40.9075852
          ],
          [
            29.3222502,
            40.9074424
          ],
          [
            29.3221925,
            40.9073473
          ]
        ]
      },
      "properties": {
        "id": 1460236471,
        "type": "way",
        "aeroway": "parking_position",
        "ref": "",
        "name": "",
        "surface": "",
        "width": "",
        "length": "",
        "tags": {
          "aeroway": "parking_position"
        }
      }
    },
    {
      "type": "Feature",
      "geometry": {
        "type": "LineString",
        "coordinates": [
          [
            29.3214084,
            40.9080618
          ],
          [
            29.3217973,
            40.9074571
          ]
        ]
      },
      "properties": {
        "id": 1460236472,
        "type": "way",
        "aeroway": "parking_position",
        "ref": "401A",
        "name": "",
        "surface": "",
        "width": "",
        "length": "",
        "tags": {
          "aeroway": "parking_position",
          "ref": "401A"
        }
      }
    },
    {
      "type": "Feature",
      "geometry": {
        "type": "LineString",
        "coordinates": [
          [
            29.3217973,
            40.9074571
          ],
          [
            29.3218334,
            40.9073185
          ],
          [
            29.321789,
            40.9072576
          ],
          [
            29.3217127,
            40.9071715
          ]
        ]
      },
      "properties": {
        "id": 1460236473,
        "type": "way",
        "aeroway": "parking_position",
        "ref": "",
        "name": "",
        "surface": "",
        "width": "",
        "length": "",
        "tags": {
          "aeroway": "parking_position"
        }
      }
    },
    {
      "type": "Feature",
      "geometry": {
        "type": "LineString",
        "coordinates": [
          [
            29.3239977,
            40.9080197
          ],
          [
            29.3240449,
            40.9081605
          ],
          [
            29.3240311,
            40.9082634
          ]
        ]
      },
      "properties": {
        "id": 1460236474,
        "type": "way",
        "aeroway": "parking_position",
        "ref": "",
        "name": "",
        "surface": "",
        "width": "",
        "length": "",
        "tags": {
          "aeroway": "parking_position"
        }
      }
    },
    {
      "type": "Feature",
      "geometry": {
        "type": "LineString",
        "coordinates": [
          [
            29.3238956,
            40.907981
          ],
          [
            29.3237366,
            40.9079946
          ],
          [
            29.3236115,
            40.9081017
          ]
        ]
      },
      "properties": {
        "id": 1460236475,
        "type": "way",
        "aeroway": "parking_position",
        "ref": "",
        "name": "",
        "surface": "",
        "width": "",
        "length": "",
        "tags": {
          "aeroway": "parking_position"
        }
      }
    },
    {
      "type": "Feature",
      "geometry": {
        "type": "LineString",
        "coordinates": [
          [
            29.3231309,
            40.9079211
          ],
          [
            29.323242,
            40.9078455
          ],
          [
            29.3233948,
            40.907835
          ],
          [
            29.3235466,
            40.9078492
          ]
        ]
      },
      "properties": {
        "id": 1460236476,
        "type": "way",
        "aeroway": "parking_position",
        "ref": "",
        "name": "",
        "surface": "",
        "width": "",
        "length": "",
        "tags": {
          "aeroway": "parking_position"
        }
      }
    },
    {
      "type": "Feature",
      "geometry": {
        "type": "LineString",
        "coordinates": [
          [
            29.3227114,
            40.9077448
          ],
          [
            29.3228253,
            40.9076839
          ],
          [
            29.3230527,
            40.9076634
          ]
        ]
      },
      "properties": {
        "id": 1460236477,
        "type": "way",
        "aeroway": "parking_position",
        "ref": "",
        "name": "",
        "surface": "",
        "width": "",
        "length": "",
        "tags": {
          "aeroway": "parking_position"
        }
      }
    },
    {
      "type": "Feature",
      "geometry": {
        "type": "LineString",
        "coordinates": [
          [
            29.3222446,
            40.9075852
          ],
          [
            29.3223502,
            40.9075243
          ],
          [
            29.3225113,
            40.9075159
          ],
          [
            29.3226526,
            40.9075184
          ]
        ]
      },
      "properties": {
        "id": 1460236478,
        "type": "way",
        "aeroway": "parking_position",
        "ref": "",
        "name": "",
        "surface": "",
        "width": "",
        "length": "",
        "tags": {
          "aeroway": "parking_position"
        }
      }
    },
    {
      "type": "Feature",
      "geometry": {
        "type": "LineString",
        "coordinates": [
          [
            29.3217973,
            40.9074571
          ],
          [
            29.3218779,
            40.9073815
          ],
          [
            29.321964,
            40.9073563
          ],
          [
            29.3221925,
            40.9073473
          ]
        ]
      },
      "properties": {
        "id": 1460236479,
        "type": "way",
        "aeroway": "parking_position",
        "ref": "",
        "name": "",
        "surface": "",
        "width": "",
        "length": "",
        "tags": {
          "aeroway": "parking_position"
        }
      }
    },
    {
      "type": "Feature",
      "geometry": {
        "type": "LineString",
        "coordinates": [
          [
            29.3206701,
            40.9066716
          ],
          [
            29.3211101,
            40.9060036
          ]
        ]
      },
      "properties": {
        "id": 1460250385,
        "type": "way",
        "aeroway": "parking_position",
        "ref": "14A",
        "name": "",
        "surface": "",
        "width": "",
        "length": "",
        "tags": {
          "aeroway": "parking_position",
          "ref": "14A"
        }
      }
    },
    {
      "type": "Feature",
      "geometry": {
        "type": "LineString",
        "coordinates": [
          [
            29.3205169,
            40.9067334
          ],
          [
            29.320592,
            40.9067263
          ],
          [
            29.3206453,
            40.9067004
          ],
          [
            29.3206701,
            40.9066716
          ]
        ]
      },
      "properties": {
        "id": 1460250386,
        "type": "way",
        "aeroway": "parking_position",
        "ref": "",
        "name": "",
        "surface": "",
        "width": "",
        "length": "",
        "tags": {
          "aeroway": "parking_position"
        }
      }
    },
    {
      "type": "Feature",
      "geometry": {
        "type": "LineString",
        "coordinates": [
          [
            29.3200301,
            40.9064514
          ],
          [
            29.3204663,
            40.9057603
          ]
        ]
      },
      "properties": {
        "id": 1460250387,
        "type": "way",
        "aeroway": "parking_position",
        "ref": "15A",
        "name": "",
        "surface": "",
        "width": "",
        "length": "",
        "tags": {
          "aeroway": "parking_position",
          "ref": "15A"
        }
      }
    },
    {
      "type": "Feature",
      "geometry": {
        "type": "LineString",
        "coordinates": [
          [
            29.3198905,
            40.9065038
          ],
          [
            29.3199596,
            40.9064945
          ],
          [
            29.3200301,
            40.9064514
          ]
        ]
      },
      "properties": {
        "id": 1460250388,
        "type": "way",
        "aeroway": "parking_position",
        "ref": "",
        "name": "",
        "surface": "",
        "width": "",
        "length": "",
        "tags": {
          "aeroway": "parking_position"
        }
      }
    },
    {
      "type": "Feature",
      "geometry": {
        "type": "LineString",
        "coordinates": [
          [
            29.3206969,
            40.9067993
          ],
          [
            29.3206796,
            40.9067393
          ],
          [
            29.3206701,
            40.9066716
          ]
        ]
      },
      "properties": {
        "id": 1460250389,
        "type": "way",
        "aeroway": "parking_position",
        "ref": "",
        "name": "",
        "surface": "",
        "width": "",
        "length": "",
        "tags": {
          "aeroway": "parking_position"
        }
      }
    },
    {
      "type": "Feature",
      "geometry": {
        "type": "LineString",
        "coordinates": [
          [
            29.3200622,
            40.9065668
          ],
          [
            29.3200396,
            40.9065104
          ],
          [
            29.3200301,
            40.9064514
          ]
        ]
      },
      "properties": {
        "id": 1460250390,
        "type": "way",
        "aeroway": "parking_position",
        "ref": "",
        "name": "",
        "surface": "",
        "width": "",
        "length": "",
        "tags": {
          "aeroway": "parking_position"
        }
      }
    },
    {
      "type": "Feature",
      "geometry": {
        "type": "LineString",
        "coordinates": [
          [
            29.3197637,
            40.9065931
          ],
          [
            29.3192619,
            40.9073887
          ]
        ]
      },
      "properties": {
        "id": 1460250391,
        "type": "way",
        "aeroway": "parking_position",
        "ref": "207",
        "name": "",
        "surface": "",
        "width": "",
        "length": "",
        "tags": {
          "aeroway": "parking_position",
          "ref": "207"
        }
      }
    },
    {
      "type": "Feature",
      "geometry": {
        "type": "LineString",
        "coordinates": [
          [
            29.3199193,
            40.9065144
          ],
          [
            29.3198477,
            40.9065219
          ],
          [
            29.3197964,
            40.9065591
          ],
          [
            29.3197637,
            40.9065931
          ]
        ]
      },
      "properties": {
        "id": 1460250392,
        "type": "way",
        "aeroway": "parking_position",
        "ref": "",
        "name": "",
        "surface": "",
        "width": "",
        "length": "",
        "tags": {
          "aeroway": "parking_position"
        }
      }
    },
    {
      "type": "Feature",
      "geometry": {
        "type": "LineString",
        "coordinates": [
          [
            29.3188646,
            40.9062603
          ],
          [
            29.3183178,
            40.9070529
          ]
        ]
      },
      "properties": {
        "id": 1460250393,
        "type": "way",
        "aeroway": "parking_position",
        "ref": "206",
        "name": "",
        "surface": "",
        "width": "",
        "length": "",
        "tags": {
          "aeroway": "parking_position",
          "ref": "206"
        }
      }
    },
    {
      "type": "Feature",
      "geometry": {
        "type": "LineString",
        "coordinates": [
          [
            29.3188724,
            40.9061308
          ],
          [
            29.3188933,
            40.906183
          ],
          [
            29.3188646,
            40.9062603
          ]
        ]
      },
      "properties": {
        "id": 1460250394,
        "type": "way",
        "aeroway": "parking_position",
        "ref": "",
        "name": "",
        "surface": "",
        "width": "",
        "length": "",
        "tags": {
          "aeroway": "parking_position"
        }
      }
    },
    {
      "type": "Feature",
      "geometry": {
        "type": "LineString",
        "coordinates": [
          [
            29.3179675,
            40.9059152
          ],
          [
            29.3173961,
            40.9067665
          ]
        ]
      },
      "properties": {
        "id": 1460250395,
        "type": "way",
        "aeroway": "parking_position",
        "ref": "205",
        "name": "",
        "surface": "",
        "width": "",
        "length": "",
        "tags": {
          "aeroway": "parking_position",
          "ref": "205"
        }
      }
    },
    {
      "type": "Feature",
      "geometry": {
        "type": "LineString",
        "coordinates": [
          [
            29.3180961,
            40.9058464
          ],
          [
            29.318031,
            40.9058687
          ],
          [
            29.3179675,
            40.9059152
          ]
        ]
      },
      "properties": {
        "id": 1460250396,
        "type": "way",
        "aeroway": "parking_position",
        "ref": "",
        "name": "",
        "surface": "",
        "width": "",
        "length": "",
        "tags": {
          "aeroway": "parking_position"
        }
      }
    },
    {
      "type": "Feature",
      "geometry": {
        "type": "LineString",
        "coordinates": [
          [
            29.3169886,
            40.9055561
          ],
          [
            29.3164233,
            40.9064089
          ]
        ]
      },
      "properties": {
        "id": 1460250397,
        "type": "way",
        "aeroway": "parking_position",
        "ref": "204",
        "name": "",
        "surface": "",
        "width": "",
        "length": "",
        "tags": {
          "aeroway": "parking_position",
          "ref": "204"
        }
      }
    },
    {
      "type": "Feature",
      "geometry": {
        "type": "LineString",
        "coordinates": [
          [
            29.3169955,
            40.9054431
          ],
          [
            29.317007,
            40.9054771
          ],
          [
            29.3169886,
            40.9055561
          ]
        ]
      },
      "properties": {
        "id": 1460250398,
        "type": "way",
        "aeroway": "parking_position",
        "ref": "",
        "name": "",
        "surface": "",
        "width": "",
        "length": "",
        "tags": {
          "aeroway": "parking_position"
        }
      }
    },
    {
      "type": "Feature",
      "geometry": {
        "type": "LineString",
        "coordinates": [
          [
            29.3160874,
            40.9052233
          ],
          [
            29.3155303,
            40.9060669
          ]
        ]
      },
      "properties": {
        "id": 1460250399,
        "type": "way",
        "aeroway": "parking_position",
        "ref": "203",
        "name": "",
        "surface": "",
        "width": "",
        "length": "",
        "tags": {
          "aeroway": "parking_position",
          "ref": "203"
        }
      }
    },
    {
      "type": "Feature",
      "geometry": {
        "type": "LineString",
        "coordinates": [
          [
            29.3162143,
            40.9051569
          ],
          [
            29.3161284,
            40.9051923
          ],
          [
            29.3160874,
            40.9052233
          ]
        ]
      },
      "properties": {
        "id": 1460250400,
        "type": "way",
        "aeroway": "parking_position",
        "ref": "",
        "name": "",
        "surface": "",
        "width": "",
        "length": "",
        "tags": {
          "aeroway": "parking_position"
        }
      }
    },
    {
      "type": "Feature",
      "geometry": {
        "type": "LineString",
        "coordinates": [
          [
            29.3151866,
            40.9049184
          ],
          [
            29.3146321,
            40.9057181
          ]
        ]
      },
      "properties": {
        "id": 1460250401,
        "type": "way",
        "aeroway": "parking_position",
        "ref": "202",
        "name": "",
        "surface": "",
        "width": "",
        "length": "",
        "tags": {
          "aeroway": "parking_position",
          "ref": "202"
        }
      }
    },
    {
      "type": "Feature",
      "geometry": {
        "type": "LineString",
        "coordinates": [
          [
            29.3151951,
            40.9047834
          ],
          [
            29.3152166,
            40.9048346
          ],
          [
            29.3151866,
            40.9049184
          ]
        ]
      },
      "properties": {
        "id": 1460250402,
        "type": "way",
        "aeroway": "parking_position",
        "ref": "",
        "name": "",
        "surface": "",
        "width": "",
        "length": "",
        "tags": {
          "aeroway": "parking_position"
        }
      }
    },
    {
      "type": "Feature",
      "geometry": {
        "type": "LineString",
        "coordinates": [
          [
            29.3142232,
            40.9045483
          ],
          [
            29.3136595,
            40.9053776
          ]
        ]
      },
      "properties": {
        "id": 1460250403,
        "type": "way",
        "aeroway": "parking_position",
        "ref": "201",
        "name": "",
        "surface": "",
        "width": "",
        "length": "",
        "tags": {
          "aeroway": "parking_position",
          "ref": "201"
        }
      }
    },
    {
      "type": "Feature",
      "geometry": {
        "type": "LineString",
        "coordinates": [
          [
            29.314225,
            40.904428
          ],
          [
            29.3142401,
            40.9044778
          ],
          [
            29.3142297,
            40.9045406
          ]
        ]
      },
      "properties": {
        "id": 1460250404,
        "type": "way",
        "aeroway": "parking_position",
        "ref": "",
        "name": "",
        "surface": "",
        "width": "",
        "length": "",
        "tags": {
          "aeroway": "parking_position"
        }
      }
    },
    {
      "type": "Feature",
      "geometry": {
        "type": "LineString",
        "coordinates": [
          [
            29.3206757,
            40.9068902
          ],
          [
            29.3201268,
            40.9077532
          ]
        ]
      },
      "properties": {
        "id": 1460250405,
        "type": "way",
        "aeroway": "parking_position",
        "ref": "208",
        "name": "",
        "surface": "",
        "width": "",
        "length": "",
        "tags": {
          "aeroway": "parking_position",
          "ref": "208"
        }
      }
    },
    {
      "type": "Feature",
      "geometry": {
        "type": "LineString",
        "coordinates": [
          [
            29.3208112,
            40.9068412
          ],
          [
            29.3207197,
            40.9068674
          ],
          [
            29.3206757,
            40.9068902
          ]
        ]
      },
      "properties": {
        "id": 1460250406,
        "type": "way",
        "aeroway": "parking_position",
        "ref": "",
        "name": "",
        "surface": "",
        "width": "",
        "length": "",
        "tags": {
          "aeroway": "parking_position"
        }
      }
    },
    {
      "type": "Feature",
      "geometry": {
        "type": "LineString",
        "coordinates": [
          [
            29.3206611,
            40.9067862
          ],
          [
            29.3206757,
            40.9068902
          ]
        ]
      },
      "properties": {
        "id": 1460250407,
        "type": "way",
        "aeroway": "parking_position",
        "ref": "",
        "name": "",
        "surface": "",
        "width": "",
        "length": "",
        "tags": {
          "aeroway": "parking_position"
        }
      }
    },
    {
      "type": "Feature",
      "geometry": {
        "type": "LineString",
        "coordinates": [
          [
            29.3197582,
            40.9064619
          ],
          [
            29.3197801,
            40.9065173
          ],
          [
            29.3197637,
            40.9065931
          ]
        ]
      },
      "properties": {
        "id": 1460250408,
        "type": "way",
        "aeroway": "parking_position",
        "ref": "",
        "name": "",
        "surface": "",
        "width": "",
        "length": "",
        "tags": {
          "aeroway": "parking_position"
        }
      }
    },
    {
      "type": "Feature",
      "geometry": {
        "type": "LineString",
        "coordinates": [
          [
            29.3190093,
            40.906181
          ],
          [
            29.3189404,
            40.9061953
          ],
          [
            29.3188646,
            40.9062603
          ]
        ]
      },
      "properties": {
        "id": 1460250409,
        "type": "way",
        "aeroway": "parking_position",
        "ref": "",
        "name": "",
        "surface": "",
        "width": "",
        "length": "",
        "tags": {
          "aeroway": "parking_position"
        }
      }
    },
    {
      "type": "Feature",
      "geometry": {
        "type": "LineString",
        "coordinates": [
          [
            29.3179484,
            40.9057922
          ],
          [
            29.317986,
            40.9058409
          ],
          [
            29.3179675,
            40.9059152
          ]
        ]
      },
      "properties": {
        "id": 1460250410,
        "type": "way",
        "aeroway": "parking_position",
        "ref": "",
        "name": "",
        "surface": "",
        "width": "",
        "length": "",
        "tags": {
          "aeroway": "parking_position"
        }
      }
    },
    {
      "type": "Feature",
      "geometry": {
        "type": "LineString",
        "coordinates": [
          [
            29.3171184,
            40.9054882
          ],
          [
            29.3170541,
            40.9055034
          ],
          [
            29.3169886,
            40.9055561
          ]
        ]
      },
      "properties": {
        "id": 1460250411,
        "type": "way",
        "aeroway": "parking_position",
        "ref": "",
        "name": "",
        "surface": "",
        "width": "",
        "length": "",
        "tags": {
          "aeroway": "parking_position"
        }
      }
    },
    {
      "type": "Feature",
      "geometry": {
        "type": "LineString",
        "coordinates": [
          [
            29.3160806,
            40.9051079
          ],
          [
            29.3161059,
            40.9051753
          ],
          [
            29.3160874,
            40.9052233
          ]
        ]
      },
      "properties": {
        "id": 1460250412,
        "type": "way",
        "aeroway": "parking_position",
        "ref": "",
        "name": "",
        "surface": "",
        "width": "",
        "length": "",
        "tags": {
          "aeroway": "parking_position"
        }
      }
    },
    {
      "type": "Feature",
      "geometry": {
        "type": "LineString",
        "coordinates": [
          [
            29.3153271,
            40.9048318
          ],
          [
            29.3152466,
            40.9048591
          ],
          [
            29.3151866,
            40.9049184
          ]
        ]
      },
      "properties": {
        "id": 1460250413,
        "type": "way",
        "aeroway": "parking_position",
        "ref": "",
        "name": "",
        "surface": "",
        "width": "",
        "length": "",
        "tags": {
          "aeroway": "parking_position"
        }
      }
    },
    {
      "type": "Feature",
      "geometry": {
        "type": "LineString",
        "coordinates": [
          [
            29.3143423,
            40.904471
          ],
          [
            29.3142717,
            40.9044906
          ],
          [
            29.3142297,
            40.9045406
          ],
          [
            29.3142232,
            40.9045483
          ]
        ]
      },
      "properties": {
        "id": 1460250414,
        "type": "way",
        "aeroway": "parking_position",
        "ref": "",
        "name": "",
        "surface": "",
        "width": "",
        "length": "",
        "tags": {
          "aeroway": "parking_position"
        }
      }
    },
    {
      "type": "Feature",
      "geometry": {
        "type": "LineString",
        "coordinates": [
          [
            29.3128893,
            40.904083
          ],
          [
            29.3124879,
            40.9047082
          ],
          [
            29.3124771,
            40.9047902
          ],
          [
            29.3125557,
            40.9048681
          ],
          [
            29.3128947,
            40.9049727
          ]
        ]
      },
      "properties": {
        "id": 1460250415,
        "type": "way",
        "aeroway": "parking_position",
        "ref": "VIP",
        "name": "VIP",
        "surface": "",
        "width": "",
        "length": "",
        "tags": {
          "aeroway": "parking_position",
          "name": "VIP"
        }
      }
    },
    {
      "type": "Feature",
      "geometry": {
        "type": "LineString",
        "coordinates": [
          [
            29.3128907,
            40.9039391
          ],
          [
            29.3129133,
            40.9039854
          ],
          [
            29.3128893,
            40.904083
          ]
        ]
      },
      "properties": {
        "id": 1460250416,
        "type": "way",
        "aeroway": "parking_position",
        "ref": "",
        "name": "",
        "surface": "",
        "width": "",
        "length": "",
        "tags": {
          "aeroway": "parking_position"
        }
      }
    },
    {
      "type": "Feature",
      "geometry": {
        "type": "LineString",
        "coordinates": [
          [
            29.3130602,
            40.9040012
          ],
          [
            29.3129517,
            40.9040174
          ],
          [
            29.3128893,
            40.904083
          ]
        ]
      },
      "properties": {
        "id": 1460250417,
        "type": "way",
        "aeroway": "parking_position",
        "ref": "",
        "name": "",
        "surface": "",
        "width": "",
        "length": "",
        "tags": {
          "aeroway": "parking_position"
        }
      }
    },
    {
      "type": "Feature",
      "geometry": {
        "type": "LineString",
        "coordinates": [
          [
            29.2925634,
            40.8939044
          ],
          [
            29.2925371,
            40.8940274
          ],
          [
            29.2925347,
            40.8941048
          ],
          [
            29.2925484,
            40.8941667
          ],
          [
            29.2925894,
            40.8943002
          ],
          [
            29.2926598,
            40.8944392
          ],
          [
            29.29278,
            40.8945541
          ],
          [
            29.292868,
            40.8946102
          ],
          [
            29.2929722,
            40.8946594
          ],
          [
            29.2935725,
            40.8948804
          ],
          [
            29.2958723,
            40.8957271
          ],
          [
            29.2975531,
            40.8963537
          ],
          [
            29.2994383,
            40.8970341
          ]
        ]
      },
      "properties": {
        "id": 1461814703,
        "type": "way",
        "aeroway": "taxiway",
        "ref": "D",
        "name": "",
        "surface": "concrete",
        "width": "",
        "length": "",
        "tags": {
          "aeroway": "taxiway",
          "ref": "D",
          "surface": "concrete"
        }
      }
    },
    {
      "type": "Feature",
      "geometry": {
        "type": "LineString",
        "coordinates": [
          [
            29.2994383,
            40.8970341
          ],
          [
            29.2995581,
            40.8971795
          ],
          [
            29.2996037,
            40.8972788
          ],
          [
            29.2996171,
            40.8973741
          ],
          [
            29.2996117,
            40.8974329
          ],
          [
            29.299606,
            40.8975149
          ]
        ]
      },
      "properties": {
        "id": 1461814704,
        "type": "way",
        "aeroway": "taxiway",
        "ref": "N",
        "name": "",
        "surface": "",
        "width": "",
        "length": "",
        "tags": {
          "aeroway": "taxiway",
          "ref": "N"
        }
      }
    },
    {
      "type": "Feature",
      "geometry": {
        "type": "LineString",
        "coordinates": [
          [
            29.2994383,
            40.8970341
          ],
          [
            29.2998127,
            40.897172
          ],
          [
            29.3004051,
            40.8973932
          ],
          [
            29.3021829,
            40.898057
          ],
          [
            29.3027335,
            40.8982626
          ],
          [
            29.3031512,
            40.8984186
          ],
          [
            29.3032828,
            40.8984703
          ]
        ]
      },
      "properties": {
        "id": 1461814705,
        "type": "way",
        "aeroway": "taxiway",
        "ref": "D",
        "name": "",
        "surface": "concrete",
        "width": "",
        "length": "",
        "tags": {
          "aeroway": "taxiway",
          "ref": "D",
          "surface": "concrete"
        }
      }
    },
    {
      "type": "Feature",
      "geometry": {
        "type": "LineString",
        "coordinates": [
          [
            29.3038301,
            40.8982701
          ],
          [
            29.3036136,
            40.898329
          ],
          [
            29.3034688,
            40.8983757
          ],
          [
            29.3032828,
            40.8984703
          ]
        ]
      },
      "properties": {
        "id": 1461814706,
        "type": "way",
        "aeroway": "taxiway",
        "ref": "",
        "name": "",
        "surface": "",
        "width": "",
        "length": "",
        "tags": {
          "aeroway": "taxiway"
        }
      }
    },
    {
      "type": "Feature",
      "geometry": {
        "type": "LineString",
        "coordinates": [
          [
            29.3032828,
            40.8984703
          ],
          [
            29.3035898,
            40.8985779
          ],
          [
            29.3044884,
            40.8989043
          ],
          [
            29.3051414,
            40.8991444
          ],
          [
            29.3088551,
            40.9005097
          ],
          [
            29.3096112,
            40.9007877
          ],
          [
            29.3101002,
            40.9009728
          ]
        ]
      },
      "properties": {
        "id": 1461814707,
        "type": "way",
        "aeroway": "taxiway",
        "ref": "D",
        "name": "",
        "surface": "concrete",
        "width": "",
        "length": "",
        "tags": {
          "aeroway": "taxiway",
          "ref": "D",
          "surface": "concrete"
        }
      }
    },
    {
      "type": "Feature",
      "geometry": {
        "type": "LineString",
        "coordinates": [
          [
            29.3094093,
            40.9011094
          ],
          [
            29.309487,
            40.9010487
          ],
          [
            29.3095782,
            40.900991
          ],
          [
            29.30966,
            40.9009565
          ],
          [
            29.3097257,
            40.9009408
          ],
          [
            29.3097854,
            40.9009342
          ],
          [
            29.3098766,
            40.9009342
          ],
          [
            29.3099798,
            40.9009454
          ],
          [
            29.3101002,
            40.9009728
          ]
        ]
      },
      "properties": {
        "id": 1461814708,
        "type": "way",
        "aeroway": "taxiway",
        "ref": "",
        "name": "",
        "surface": "",
        "width": "",
        "length": "",
        "tags": {
          "aeroway": "taxiway"
        }
      }
    },
    {
      "type": "Feature",
      "geometry": {
        "type": "LineString",
        "coordinates": [
          [
            29.3027578,
            40.8990123
          ],
          [
            29.3026991,
            40.8991111
          ],
          [
            29.3026598,
            40.8991437
          ],
          [
            29.3022966,
            40.8993276
          ],
          [
            29.3021356,
            40.89938
          ],
          [
            29.3019433,
            40.8993099
          ],
          [
            29.3018366,
            40.899271
          ],
          [
            29.3015942,
            40.8991827
          ],
          [
            29.3014913,
            40.8991452
          ],
          [
            29.3012437,
            40.899055
          ],
          [
            29.3012334,
            40.8990513
          ],
          [
            29.3011138,
            40.8990077
          ],
          [
            29.3008984,
            40.8989292
          ],
          [
            29.3007772,
            40.8988851
          ],
          [
            29.3005421,
            40.8987994
          ],
          [
            29.3004219,
            40.8987556
          ],
          [
            29.3001727,
            40.8986648
          ],
          [
            29.3000356,
            40.8986148
          ],
          [
            29.2998372,
            40.8985426
          ],
          [
            29.2997076,
            40.8984953
          ],
          [
            29.2992733,
            40.8983371
          ]
        ]
      },
      "properties": {
        "id": 1461814709,
        "type": "way",
        "aeroway": "taxiway",
        "ref": "",
        "name": "",
        "surface": "",
        "width": "",
        "length": "",
        "tags": {
          "aeroway": "taxiway"
        }
      }
    },
    {
      "type": "Feature",
      "geometry": {
        "type": "LineString",
        "coordinates": [
          [
            29.3019433,
            40.8993099
          ],
          [
            29.3019331,
            40.8992616
          ],
          [
            29.3019446,
            40.899229
          ],
          [
            29.3019523,
            40.899207
          ],
          [
            29.3021316,
            40.8989268
          ]
        ]
      },
      "properties": {
        "id": 1461814710,
        "type": "way",
        "aeroway": "parking_position",
        "ref": "",
        "name": "",
        "surface": "",
        "width": "",
        "length": "",
        "tags": {
          "aeroway": "parking_position"
        }
      }
    },
    {
      "type": "Feature",
      "geometry": {
        "type": "LineString",
        "coordinates": [
          [
            29.3019446,
            40.899229
          ],
          [
            29.301903,
            40.8992534
          ],
          [
            29.3018366,
            40.899271
          ]
        ]
      },
      "properties": {
        "id": 1461814711,
        "type": "way",
        "aeroway": "parking_position",
        "ref": "",
        "name": "",
        "surface": "",
        "width": "",
        "length": "",
        "tags": {
          "aeroway": "parking_position"
        }
      }
    },
    {
      "type": "Feature",
      "geometry": {
        "type": "LineString",
        "coordinates": [
          [
            29.3015942,
            40.8991827
          ],
          [
            29.3015865,
            40.8991206
          ],
          [
            29.3017911,
            40.8988059
          ]
        ]
      },
      "properties": {
        "id": 1461814712,
        "type": "way",
        "aeroway": "parking_position",
        "ref": "",
        "name": "",
        "surface": "",
        "width": "",
        "length": "",
        "tags": {
          "aeroway": "parking_position"
        }
      }
    },
    {
      "type": "Feature",
      "geometry": {
        "type": "LineString",
        "coordinates": [
          [
            29.3014913,
            40.8991452
          ],
          [
            29.3015865,
            40.8991206
          ]
        ]
      },
      "properties": {
        "id": 1461814713,
        "type": "way",
        "aeroway": "parking_position",
        "ref": "",
        "name": "",
        "surface": "",
        "width": "",
        "length": "",
        "tags": {
          "aeroway": "parking_position"
        }
      }
    },
    {
      "type": "Feature",
      "geometry": {
        "type": "LineString",
        "coordinates": [
          [
            29.3012334,
            40.8990513
          ],
          [
            29.3012038,
            40.8989942
          ],
          [
            29.3012176,
            40.8989675
          ],
          [
            29.3012255,
            40.8989523
          ],
          [
            29.3014108,
            40.898664
          ]
        ]
      },
      "properties": {
        "id": 1461814714,
        "type": "way",
        "aeroway": "parking_position",
        "ref": "",
        "name": "",
        "surface": "",
        "width": "",
        "length": "",
        "tags": {
          "aeroway": "parking_position"
        }
      }
    },
    {
      "type": "Feature",
      "geometry": {
        "type": "LineString",
        "coordinates": [
          [
            29.3012176,
            40.8989675
          ],
          [
            29.301175,
            40.8989896
          ],
          [
            29.3011138,
            40.8990077
          ]
        ]
      },
      "properties": {
        "id": 1461814715,
        "type": "way",
        "aeroway": "parking_position",
        "ref": "",
        "name": "",
        "surface": "",
        "width": "",
        "length": "",
        "tags": {
          "aeroway": "parking_position"
        }
      }
    },
    {
      "type": "Feature",
      "geometry": {
        "type": "LineString",
        "coordinates": [
          [
            29.3008984,
            40.8989292
          ],
          [
            29.3008741,
            40.8988759
          ],
          [
            29.3008874,
            40.8988368
          ],
          [
            29.3010727,
            40.8985412
          ]
        ]
      },
      "properties": {
        "id": 1461814716,
        "type": "way",
        "aeroway": "parking_position",
        "ref": "",
        "name": "",
        "surface": "",
        "width": "",
        "length": "",
        "tags": {
          "aeroway": "parking_position"
        }
      }
    },
    {
      "type": "Feature",
      "geometry": {
        "type": "LineString",
        "coordinates": [
          [
            29.3008874,
            40.8988368
          ],
          [
            29.3008525,
            40.8988632
          ],
          [
            29.3007772,
            40.8988851
          ]
        ]
      },
      "properties": {
        "id": 1461814717,
        "type": "way",
        "aeroway": "parking_position",
        "ref": "",
        "name": "",
        "surface": "",
        "width": "",
        "length": "",
        "tags": {
          "aeroway": "parking_position"
        }
      }
    },
    {
      "type": "Feature",
      "geometry": {
        "type": "LineString",
        "coordinates": [
          [
            29.3005421,
            40.8987994
          ],
          [
            29.3005179,
            40.8987649
          ],
          [
            29.3005179,
            40.8987186
          ],
          [
            29.3007153,
            40.8984084
          ]
        ]
      },
      "properties": {
        "id": 1461814718,
        "type": "way",
        "aeroway": "parking_position",
        "ref": "",
        "name": "",
        "surface": "",
        "width": "",
        "length": "",
        "tags": {
          "aeroway": "parking_position"
        }
      }
    },
    {
      "type": "Feature",
      "geometry": {
        "type": "LineString",
        "coordinates": [
          [
            29.3005179,
            40.8987186
          ],
          [
            29.3004866,
            40.8987377
          ],
          [
            29.3004219,
            40.8987556
          ]
        ]
      },
      "properties": {
        "id": 1461814719,
        "type": "way",
        "aeroway": "parking_position",
        "ref": "",
        "name": "",
        "surface": "",
        "width": "",
        "length": "",
        "tags": {
          "aeroway": "parking_position"
        }
      }
    },
    {
      "type": "Feature",
      "geometry": {
        "type": "LineString",
        "coordinates": [
          [
            29.3001413,
            40.8985776
          ],
          [
            29.3001473,
            40.8986203
          ],
          [
            29.3001727,
            40.8986648
          ]
        ]
      },
      "properties": {
        "id": 1461814720,
        "type": "way",
        "aeroway": "parking_position",
        "ref": "",
        "name": "",
        "surface": "",
        "width": "",
        "length": "",
        "tags": {
          "aeroway": "parking_position"
        }
      }
    },
    {
      "type": "Feature",
      "geometry": {
        "type": "LineString",
        "coordinates": [
          [
            29.3001413,
            40.8985776
          ],
          [
            29.3000883,
            40.8986058
          ],
          [
            29.3000356,
            40.8986148
          ]
        ]
      },
      "properties": {
        "id": 1461814721,
        "type": "way",
        "aeroway": "parking_position",
        "ref": "",
        "name": "",
        "surface": "",
        "width": "",
        "length": "",
        "tags": {
          "aeroway": "parking_position"
        }
      }
    },
    {
      "type": "Feature",
      "geometry": {
        "type": "LineString",
        "coordinates": [
          [
            29.3001413,
            40.8985776
          ],
          [
            29.3003459,
            40.898271
          ]
        ]
      },
      "properties": {
        "id": 1461814722,
        "type": "way",
        "aeroway": "parking_position",
        "ref": "",
        "name": "",
        "surface": "",
        "width": "",
        "length": "",
        "tags": {
          "aeroway": "parking_position"
        }
      }
    },
    {
      "type": "Feature",
      "geometry": {
        "type": "LineString",
        "coordinates": [
          [
            29.2998372,
            40.8985426
          ],
          [
            29.2998095,
            40.8985002
          ],
          [
            29.2998144,
            40.8984593
          ],
          [
            29.3000147,
            40.8981589
          ]
        ]
      },
      "properties": {
        "id": 1461814723,
        "type": "way",
        "aeroway": "parking_position",
        "ref": "",
        "name": "",
        "surface": "",
        "width": "",
        "length": "",
        "tags": {
          "aeroway": "parking_position"
        }
      }
    },
    {
      "type": "Feature",
      "geometry": {
        "type": "LineString",
        "coordinates": [
          [
            29.2998144,
            40.8984593
          ],
          [
            29.2997668,
            40.8984816
          ],
          [
            29.2997076,
            40.8984953
          ]
        ]
      },
      "properties": {
        "id": 1461814724,
        "type": "way",
        "aeroway": "parking_position",
        "ref": "",
        "name": "",
        "surface": "",
        "width": "",
        "length": "",
        "tags": {
          "aeroway": "parking_position"
        }
      }
    },
    {
      "type": "Feature",
      "geometry": {
        "type": "LineString",
        "coordinates": [
          [
            29.2998372,
            40.8985426
          ],
          [
            29.2997816,
            40.8985486
          ],
          [
            29.2997307,
            40.8985759
          ],
          [
            29.2995419,
            40.8988787
          ]
        ]
      },
      "properties": {
        "id": 1461814725,
        "type": "way",
        "aeroway": "parking_position",
        "ref": "",
        "name": "",
        "surface": "",
        "width": "",
        "length": "",
        "tags": {
          "aeroway": "parking_position"
        }
      }
    },
    {
      "type": "Feature",
      "geometry": {
        "type": "LineString",
        "coordinates": [
          [
            29.2997076,
            40.8984953
          ],
          [
            29.2997372,
            40.8985275
          ],
          [
            29.2997307,
            40.8985759
          ]
        ]
      },
      "properties": {
        "id": 1461814726,
        "type": "way",
        "aeroway": "parking_position",
        "ref": "",
        "name": "",
        "surface": "",
        "width": "",
        "length": "",
        "tags": {
          "aeroway": "parking_position"
        }
      }
    },
    {
      "type": "Feature",
      "geometry": {
        "type": "LineString",
        "coordinates": [
          [
            29.2998669,
            40.8990065
          ],
          [
            29.3000689,
            40.8986913
          ],
          [
            29.3001149,
            40.8986715
          ],
          [
            29.3001727,
            40.8986648
          ]
        ]
      },
      "properties": {
        "id": 1461814727,
        "type": "way",
        "aeroway": "parking_position",
        "ref": "",
        "name": "",
        "surface": "",
        "width": "",
        "length": "",
        "tags": {
          "aeroway": "parking_position"
        }
      }
    },
    {
      "type": "Feature",
      "geometry": {
        "type": "LineString",
        "coordinates": [
          [
            29.3000356,
            40.8986148
          ],
          [
            29.3000623,
            40.8986467
          ],
          [
            29.3000689,
            40.8986913
          ]
        ]
      },
      "properties": {
        "id": 1461814728,
        "type": "way",
        "aeroway": "parking_position",
        "ref": "",
        "name": "",
        "surface": "",
        "width": "",
        "length": "",
        "tags": {
          "aeroway": "parking_position"
        }
      }
    },
    {
      "type": "Feature",
      "geometry": {
        "type": "LineString",
        "coordinates": [
          [
            29.2992733,
            40.8983371
          ],
          [
            29.2990368,
            40.8986868
          ]
        ]
      },
      "properties": {
        "id": 1461814729,
        "type": "way",
        "aeroway": "parking_position",
        "ref": "",
        "name": "",
        "surface": "",
        "width": "",
        "length": "",
        "tags": {
          "aeroway": "parking_position"
        }
      }
    },
    {
      "type": "Feature",
      "geometry": {
        "type": "LineString",
        "coordinates": [
          [
            29.3004219,
            40.8987556
          ],
          [
            29.300443,
            40.8988127
          ],
          [
            29.3004401,
            40.8988353
          ],
          [
            29.3004373,
            40.8988568
          ],
          [
            29.300244,
            40.8991398
          ]
        ]
      },
      "properties": {
        "id": 1461814730,
        "type": "way",
        "aeroway": "parking_position",
        "ref": "",
        "name": "",
        "surface": "",
        "width": "",
        "length": "",
        "tags": {
          "aeroway": "parking_position"
        }
      }
    },
    {
      "type": "Feature",
      "geometry": {
        "type": "LineString",
        "coordinates": [
          [
            29.3004401,
            40.8988353
          ],
          [
            29.3004834,
            40.8988135
          ],
          [
            29.3005421,
            40.8987994
          ]
        ]
      },
      "properties": {
        "id": 1461814731,
        "type": "way",
        "aeroway": "parking_position",
        "ref": "",
        "name": "",
        "surface": "",
        "width": "",
        "length": "",
        "tags": {
          "aeroway": "parking_position"
        }
      }
    },
    {
      "type": "Feature",
      "geometry": {
        "type": "LineString",
        "coordinates": [
          [
            29.3011138,
            40.8990077
          ],
          [
            29.301132,
            40.8990442
          ],
          [
            29.301132,
            40.8990988
          ],
          [
            29.3009279,
            40.8994309
          ]
        ]
      },
      "properties": {
        "id": 1461814732,
        "type": "way",
        "aeroway": "parking_position",
        "ref": "",
        "name": "",
        "surface": "",
        "width": "",
        "length": "",
        "tags": {
          "aeroway": "parking_position"
        }
      }
    },
    {
      "type": "Feature",
      "geometry": {
        "type": "LineString",
        "coordinates": [
          [
            29.301132,
            40.8990988
          ],
          [
            29.3011787,
            40.8990678
          ],
          [
            29.3012437,
            40.899055
          ]
        ]
      },
      "properties": {
        "id": 1461814733,
        "type": "way",
        "aeroway": "parking_position",
        "ref": "",
        "name": "",
        "surface": "",
        "width": "",
        "length": "",
        "tags": {
          "aeroway": "parking_position"
        }
      }
    },
    {
      "type": "Feature",
      "geometry": {
        "type": "LineString",
        "coordinates": [
          [
            29.3005707,
            40.899311
          ],
          [
            29.3007989,
            40.8989724
          ]
        ]
      },
      "properties": {
        "id": 1461814734,
        "type": "way",
        "aeroway": "parking_position",
        "ref": "",
        "name": "",
        "surface": "",
        "width": "",
        "length": "",
        "tags": {
          "aeroway": "parking_position"
        }
      }
    },
    {
      "type": "Feature",
      "geometry": {
        "type": "LineString",
        "coordinates": [
          [
            29.3007989,
            40.8989724
          ],
          [
            29.3008451,
            40.8989463
          ],
          [
            29.3008984,
            40.8989292
          ]
        ]
      },
      "properties": {
        "id": 1461814735,
        "type": "way",
        "aeroway": "parking_position",
        "ref": "",
        "name": "",
        "surface": "",
        "width": "",
        "length": "",
        "tags": {
          "aeroway": "parking_position"
        }
      }
    },
    {
      "type": "Feature",
      "geometry": {
        "type": "LineString",
        "coordinates": [
          [
            29.3007989,
            40.8989724
          ],
          [
            29.3008011,
            40.8989348
          ],
          [
            29.3007772,
            40.8988851
          ]
        ]
      },
      "properties": {
        "id": 1461814736,
        "type": "way",
        "aeroway": "parking_position",
        "ref": "",
        "name": "",
        "surface": "",
        "width": "",
        "length": "",
        "tags": {
          "aeroway": "parking_position"
        }
      }
    },
    {
      "type": "Feature",
      "geometry": {
        "type": "LineString",
        "coordinates": [
          [
            29.3159679,
            40.8992176
          ],
          [
            29.3158725,
            40.8990711
          ],
          [
            29.3158645,
            40.8989596
          ],
          [
            29.3168449,
            40.8974563
          ],
          [
            29.3185374,
            40.8947978
          ],
          [
            29.3186976,
            40.8945422
          ],
          [
            29.3188935,
            40.8942298
          ],
          [
            29.3189931,
            40.8941484
          ],
          [
            29.319151,
            40.8941356
          ]
        ]
      },
      "properties": {
        "id": 1462277094,
        "type": "way",
        "aeroway": "taxiway",
        "ref": "",
        "name": "",
        "surface": "",
        "width": "",
        "length": "",
        "tags": {
          "aeroway": "taxiway"
        }
      }
    },
    {
      "type": "Feature",
      "geometry": {
        "type": "LineString",
        "coordinates": [
          [
            29.3188895,
            40.8940398
          ],
          [
            29.3189054,
            40.8941092
          ],
          [
            29.3188935,
            40.8942298
          ]
        ]
      },
      "properties": {
        "id": 1462277095,
        "type": "way",
        "aeroway": "taxiway",
        "ref": "",
        "name": "",
        "surface": "",
        "width": "",
        "length": "",
        "tags": {
          "aeroway": "taxiway"
        }
      }
    },
    {
      "type": "Feature",
      "geometry": {
        "type": "LineString",
        "coordinates": [
          [
            29.3155572,
            40.8990673
          ],
          [
            29.3157025,
            40.8990644
          ],
          [
            29.3158645,
            40.8989596
          ]
        ]
      },
      "properties": {
        "id": 1462277096,
        "type": "way",
        "aeroway": "taxiway",
        "ref": "",
        "name": "",
        "surface": "",
        "width": "",
        "length": "",
        "tags": {
          "aeroway": "taxiway"
        }
      }
    },
    {
      "type": "Feature",
      "geometry": {
        "type": "LineString",
        "coordinates": [
          [
            29.3163236,
            40.8991661
          ],
          [
            29.3173128,
            40.8976223
          ],
          [
            29.3186329,
            40.8955668
          ],
          [
            29.3191907,
            40.8947262
          ],
          [
            29.3194169,
            40.8943853
          ],
          [
            29.3193803,
            40.8942978
          ],
          [
            29.3193502,
            40.8942099
          ]
        ]
      },
      "properties": {
        "id": 1462277097,
        "type": "way",
        "aeroway": "taxiway",
        "ref": "",
        "name": "",
        "surface": "",
        "width": "",
        "length": "",
        "tags": {
          "aeroway": "taxiway"
        }
      }
    },
    {
      "type": "Feature",
      "geometry": {
        "type": "LineString",
        "coordinates": [
          [
            29.3194169,
            40.8943853
          ],
          [
            29.3196264,
            40.8943143
          ],
          [
            29.3196462,
            40.8943076
          ]
        ]
      },
      "properties": {
        "id": 1462277098,
        "type": "way",
        "aeroway": "taxiway",
        "ref": "",
        "name": "",
        "surface": "",
        "width": "",
        "length": "",
        "tags": {
          "aeroway": "taxiway"
        }
      }
    },
    {
      "type": "Feature",
      "geometry": {
        "type": "LineString",
        "coordinates": [
          [
            29.3118092,
            40.897361
          ],
          [
            29.3116142,
            40.8974627
          ],
          [
            29.3111203,
            40.8975665
          ]
        ]
      },
      "properties": {
        "id": 1462277099,
        "type": "way",
        "aeroway": "taxiway",
        "ref": "",
        "name": "",
        "surface": "",
        "width": "",
        "length": "",
        "tags": {
          "aeroway": "taxiway"
        }
      }
    },
    {
      "type": "Feature",
      "geometry": {
        "type": "LineString",
        "coordinates": [
          [
            29.3114626,
            40.8978768
          ],
          [
            29.3115274,
            40.8976806
          ],
          [
            29.3116698,
            40.8975651
          ],
          [
            29.3118092,
            40.897361
          ]
        ]
      },
      "properties": {
        "id": 1462277100,
        "type": "way",
        "aeroway": "taxiway",
        "ref": "",
        "name": "",
        "surface": "",
        "width": "",
        "length": "",
        "tags": {
          "aeroway": "taxiway"
        }
      }
    },
    {
      "type": "Feature",
      "geometry": {
        "type": "LineString",
        "coordinates": [
          [
            29.3163236,
            40.8991661
          ],
          [
            29.3163466,
            40.8992706
          ],
          [
            29.3163623,
            40.899362
          ]
        ]
      },
      "properties": {
        "id": 1462277101,
        "type": "way",
        "aeroway": "taxiway",
        "ref": "",
        "name": "",
        "surface": "",
        "width": "",
        "length": "",
        "tags": {
          "aeroway": "taxiway"
        }
      }
    },
    {
      "type": "Feature",
      "geometry": {
        "type": "LineString",
        "coordinates": [
          [
            29.3163236,
            40.8991661
          ],
          [
            29.3161868,
            40.8991927
          ],
          [
            29.3159679,
            40.8992176
          ]
        ]
      },
      "properties": {
        "id": 1462277102,
        "type": "way",
        "aeroway": "taxiway",
        "ref": "",
        "name": "",
        "surface": "",
        "width": "",
        "length": "",
        "tags": {
          "aeroway": "taxiway"
        }
      }
    }
  ]
}